time,accelX,accelY,accelZ,gyroX,gyroY,gyroZ,eulerX,eulerY,eulerZ,FSR0,FSR1,FSR2,FSR3,FSR4,FSR5,FSR6,FSR7,FSR8,FSR9,FSR10,FSR11,FSR12,FSR13,FSR14,FSR15,FSR16,FSR17,FSR18,FSR19,ground
1533758117,-3.05,-1.82,9.39,0.375,-0.25,0.25,0.875,-17.625,11.5,0,19,0,0,0,0,32,0,0,0,0,0,0,0,0,0,0,8,0,0,right
1533758117,-2.9,-1.89,9.14,0.875,0.1875,-0.25,0.6875,-17.5625,12.1875,0,23,0,0,0,0,29,0,0,9,0,0,0,0,0,0,0,6,0,0,right
1533758118,-2.23,-1.89,9.45,-4,1.9375,0.125,0.5,-13.5625,15.1875,0,0,0,0,0,0,0,0,0,0,0,104,0,0,0,0,0,7,0,0,right
1533758118,-3.32,-2.17,8.96,-1,-0.75,1.4375,1.9375,-19,12.125,0,0,0,0,0,0,0,0,0,0,0,0,0,0,0,0,0,4,0,0,right
1533758119,-3.39,-1.55,9.13,4,1.5625,-0.3125,1.8125,-19.875,11.5,0,0,0,0,0,0,0,22,20,22,0,0,14,0,29,0,7,11,0,0,right
1533758119,-3.3,-1.84,9.01,-0.5625,-0.5625,-0.0625,1.8125,-20,11.625,0,0,0,0,0,0,0,0,0,10,0,0,0,0,13,0,0,7,0,0,right
1533758120,-3.33,-1.82,9.02,0.1875,0.4375,-0.125,1.75,-20,11.6875,0,1,0,0,0,0,0,0,16,0,0,8,0,0,15,0,0,6,0,0,right
1533758121,-3.29,-1.82,8.97,-0.1875,-0.0625,-0.0625,1.75,-20,11.6875,0,1,0,0,0,0,0,0,0,13,0,0,0,0,14,0,0,8,0,0,right
1533758121,-3.35,-1.87,8.95,0.1875,-0.1875,0.125,1.75,-20,11.6875,0,0,0,0,0,0,0,0,0,12,0,0,0,0,15,0,0,0,0,0,right
1533758122,-3.3,-1.85,8.99,0.25,-0.1875,-0.1875,1.75,-20,11.6875,0,0,0,0,0,0,0,0,0,12,0,0,0,0,15,0,0,7,0,0,right
1533758123,-3.32,-1.81,9.01,0.0625,0.125,-0.0625,1.75,-20,11.6875,0,0,0,5,0,0,0,17,7,18,0,0,0,0,25,0,0,8,0,0,right
1533758123,-3.29,-1.79,8.9,0.125,0.0625,-0.0625,1.75,-20,11.6875,0,0,0,0,0,0,0,0,0,0,0,0,0,0,0,0,0,12,0,0,right
1533758124,-3.32,-1.86,8.9,-0.125,-0.1875,0.125,1.75,-20,11.6875,0,4,0,0,0,0,14,19,7,17,0,0,0,0,18,0,0,6,0,0,right
1533758125,-3.28,-1.84,8.99,0.1875,-0.25,0.125,1.75,-20,11.75,0,0,0,0,0,0,0,4,10,12,0,0,0,0,15,0,0,9,0,0,right
1533758125,-3.31,-1.83,9,0.125,-0.0625,0,1.75,-20,11.75,0,0,0,0,0,0,0,14,0,14,0,0,0,0,14,0,0,8,0,0,right
1533758126,-3.31,-1.84,9.03,-0.25,-0.0625,-0.0625,1.75,-20,11.75,0,0,0,0,0,0,13,17,0,0,0,0,13,0,30,0,0,0,8,0,right
1533758127,-3.32,-1.83,8.99,0.125,-0.1875,0.125,1.75,-20,11.75,0,0,0,0,0,0,0,0,0,0,0,0,3,0,17,0,0,7,0,0,right
1533758127,-3.28,-1.86,8.95,0.0625,0.25,0,1.75,-20,11.8125,0,0,0,0,0,0,7,0,18,18,0,0,0,0,16,0,0,7,0,0,right
1533758128,-3.29,-1.88,9.04,0.375,-0.1875,0.0625,1.75,-20,11.8125,0,0,0,0,0,0,0,11,0,15,0,0,0,0,17,0,0,7,0,0,right
1533758128,-3.28,-1.85,9.02,0.125,-0.3125,0.0625,1.75,-20,11.8125,0,0,0,0,0,0,0,14,0,14,0,12,0,0,0,0,0,0,0,0,right
1533758129,-3.27,-1.82,9.02,-0.25,0.125,0.0625,1.75,-20,11.8125,0,0,0,0,0,0,0,16,0,15,0,13,11,0,16,0,0,15,0,0,right
1533758130,-3.3,-1.86,8.94,-0.125,0.125,-0.0625,1.75,-20,11.8125,0,0,0,0,0,0,0,0,0,0,0,0,0,0,0,0,0,0,0,0,right
1533758130,-3.29,-1.84,8.96,0.0625,-0.25,-0.0625,1.75,-20,11.8125,0,0,0,0,0,0,28,17,0,14,0,13,0,0,17,0,0,8,0,0,right
1533758131,-3.29,-1.87,9.01,0.25,-0.1875,0,1.75,-20,11.8125,0,0,0,0,0,0,22,0,0,0,5,13,0,0,15,0,0,9,0,0,right
1533758132,-3.28,-1.84,9,-0.125,0.0625,0,1.75,-20,11.8125,0,0,0,0,0,0,0,16,0,17,0,10,0,0,15,0,0,9,0,0,right
1533758132,-3.34,-1.87,8.99,0,-0.125,0,1.75,-20,11.8125,0,0,0,0,0,0,0,15,0,17,0,11,16,0,23,12,0,15,0,0,right
1533758133,-3.27,-1.82,8.92,-0.0625,-0.1875,-0.0625,1.75,-20,11.75,0,0,0,0,0,0,0,0,0,0,0,0,0,0,0,0,0,0,0,0,right
1533758134,-3.28,-1.81,8.95,0.125,0.125,0.125,1.75,-20,11.75,0,0,0,0,0,0,10,15,0,24,0,17,20,0,23,0,0,29,0,9,right
1533758134,-3.29,-1.84,9.13,-0.0625,0.0625,0.1875,1.75,-20,11.75,0,0,0,0,0,0,0,0,0,0,0,15,0,0,0,0,0,0,0,0,right
1533758135,-3.29,-1.86,9.01,0.5625,0,-0.125,1.75,-20,11.75,0,2,0,0,0,0,18,17,0,19,0,0,0,0,16,0,0,7,0,0,right
1533758136,-3.28,-1.82,9.02,-0.375,0,0.25,1.75,-20,11.75,0,0,0,0,0,0,12,16,0,17,0,13,0,0,16,0,0,10,9,0,right
1533758136,-3.32,-1.86,9.02,0.125,-0.0625,0,1.75,-20,11.75,0,0,0,0,0,0,11,17,0,17,0,11,0,0,0,0,0,0,0,0,right
1533758137,-3.29,-1.83,8.89,0,0.0625,-0.0625,1.75,-20,11.75,0,0,0,0,0,0,17,25,26,27,0,14,24,0,31,0,0,30,0,0,right
1533758137,-3.27,-1.89,8.95,0.25,0,-0.0625,1.75,-19.9375,11.875,0,0,0,0,0,0,3,31,1,15,0,14,0,0,0,0,0,9,0,0,right
1533758138,-3.28,-1.87,9,-0.1875,0,0.0625,1.75,-19.9375,11.875,0,6,0,0,0,0,20,37,14,19,0,10,0,0,17,0,0,8,0,0,right
1533758139,-3.26,-1.92,9.1,-1.9375,-1.5625,-0.6875,1.6875,-19.875,12,0,0,0,0,0,0,0,14,0,17,0,10,0,0,16,0,0,8,0,0,right
1533758139,-2.93,-2.33,8.86,6,0.6875,0.4375,0.5,-17.4375,14.3125,0,0,0,0,0,0,0,13,0,14,0,0,0,0,14,0,0,9,35,0,right
1533758140,-2.88,-2.06,9,1.5,0.6875,-0.75,0.75,-17.875,13.3125,0,3,0,0,0,0,19,14,0,17,0,0,0,0,16,0,0,9,9,7,right
1533758141,-2.96,-2.13,9.06,-0.0625,-0.25,0.0625,0.8125,-17.75,13.125,0,0,0,0,0,0,0,0,0,0,0,0,0,0,0,0,0,0,0,0,right
1533758141,-2.96,-2.09,9.07,-0.0625,0,0.0625,0.8125,-17.75,13.125,0,2,0,0,0,0,17,25,23,31,0,0,0,0,0,0,0,0,0,0,right
1533758142,-2.97,-2.13,9.07,-0.125,0.125,0.125,0.8125,-17.75,13.125,0,0,0,0,0,0,0,0,0,0,0,0,26,0,0,0,0,4,0,0,right
1533758143,-2.95,-2.11,9.06,0.1875,-0.0625,-0.25,0.8125,-17.75,13.125,0,0,0,0,0,0,10,14,0,15,0,0,0,0,0,0,0,7,0,0,right
1533758143,-2.95,-2.05,9,0.125,0.125,0.1875,0.8125,-17.75,13.125,0,3,0,0,0,0,12,16,0,18,0,0,0,0,17,0,0,10,0,0,right
1533758144,-2.96,-2.04,9.11,0.3125,0.1875,-0.0625,0.8125,-17.75,13.125,0,3,0,0,0,0,11,7,0,7,0,0,0,0,0,0,0,0,0,0,right
1533758145,-3.03,-2.04,9.09,0.75,0.6875,-0.25,0.8125,-17.8125,13.0625,0,2,0,0,0,0,14,21,28,52,0,33,39,0,26,0,0,31,0,0,right
1533758145,-2.99,-2,9.07,-0.375,-0.0625,0,0.8125,-17.8125,13,0,0,0,4,0,0,0,0,0,22,0,24,12,0,17,0,0,9,0,0,right
1533758146,-2.97,-2.01,9.06,0,0,-0.125,0.8125,-17.8125,13,0,0,0,0,0,0,20,17,12,21,0,24,13,0,17,0,0,10,0,0,right
1533758146,-2.97,-2.01,8.91,-0.5,0.1875,0,0.8125,-17.8125,13,0,4,0,0,0,0,0,14,0,18,0,25,0,0,17,0,0,12,0,0,right
1533758153,-2.94,-1.96,9.11,-0.3125,-0.375,-0.125,0.8125,-17.875,13,0,2,0,0,0,0,14,15,0,0,0,14,0,0,0,0,0,8,0,0,right
1533758153,-2.97,-2,9.1,0.1875,-0.0625,-0.125,0.8125,-17.875,13,0,2,0,0,0,0,14,20,23,29,0,25,24,0,23,3,0,16,0,0,right
1533758153,-3.06,-1.81,9.08,2.75,0.4375,0,0.875,-17.875,12.6875,0,4,0,0,0,0,8,0,0,0,0,0,0,0,3,0,0,8,0,0,right
1533758153,-3.31,-0.98,9,-12.3125,-14.6875,3.3125,2.0625,-20.8125,9.8125,0,20,0,0,0,0,9,16,0,15,0,36,0,0,13,0,0,67,0,0,back
1533758153,-2.5,-2.09,9.34,1.25,-5.6875,-2.375,359.25,-15.3125,13.5,0,0,0,3,0,0,0,12,0,15,0,0,0,0,15,0,0,22,0,8,back
1533758153,-2.77,-1.86,9.35,1.4375,0.5,0.875,359.6875,-16.6875,12.4375,0,0,0,0,0,0,0,15,0,16,0,0,0,0,15,0,0,27,12,9,back
1533758153,-2.75,-2.08,9.08,-0.5,-0.125,-0.3125,359.625,-16.6875,12.75,0,0,0,0,0,0,0,8,0,0,0,0,0,0,0,0,0,32,12,0,back
1533758155,-2.81,-1.87,9.12,1.375,-1.125,0.3125,359.6875,-16.5625,12.4375,0,0,0,0,0,0,0,15,15,18,0,0,0,0,19,0,0,37,0,0,back
1533758156,-2.65,-1.89,9.19,-0.125,0.5625,0.1875,359.625,-16,12.25,0,0,0,0,9,0,0,15,14,20,0,0,0,0,19,0,0,40,12,0,back
1533758156,-2.63,-1.75,9.1,-0.125,-0.375,-0.0625,359.5625,-15.8125,12.375,0,0,0,0,0,0,0,23,16,21,0,0,0,0,19,0,0,30,14,0,back
1533758157,-2.59,-1.97,9.22,-0.25,0.3125,0.4375,359.625,-15.8125,12.1875,0,0,0,0,0,0,0,16,17,19,0,0,0,0,20,0,0,41,13,18,back
1533758157,-2.73,-2.02,9.2,-0.5,-0.1875,-0.1875,359.625,-16,12.3125,0,0,0,0,0,0,0,17,17,20,0,0,0,0,28,0,0,39,24,20,back
1533758158,-2.71,-2,9.36,-0.9375,-0.8125,-0.125,359.6875,-16.375,12.375,0,0,0,0,0,0,0,2,13,0,0,0,0,0,22,0,0,46,11,0,back
1533758159,-2.86,-1.95,9.08,0.0625,-1.125,0.125,359.6875,-16.75,12.5,0,0,0,0,0,0,0,14,0,0,0,0,0,0,0,0,0,30,0,0,back
1533758159,-2.81,-1.99,9.15,0.125,0.6875,-0.4375,359.75,-16.75,12.4375,0,0,4,0,0,0,0,17,16,21,0,0,0,0,21,0,0,48,14,10,back
1533758160,-2.86,-1.97,9.07,-0.0625,0.375,0.125,359.75,-16.875,12.4375,0,0,0,0,10,0,0,16,18,21,0,0,13,0,21,0,0,41,14,10,back
1533758161,-2.82,-1.96,8.99,-0.125,0.625,0.125,359.75,-16.8125,12.4375,0,0,0,0,0,0,0,22,27,30,0,0,18,0,20,0,0,57,15,13,back
1533758161,-2.82,-1.96,9.03,0.1875,-0.125,0,359.75,-16.75,12.4375,0,0,0,6,0,0,0,18,19,23,0,0,12,0,24,0,0,39,15,12,back
1533758162,-2.85,-1.98,8.99,-0.0625,-0.125,-0.125,359.75,-16.75,12.4375,0,0,0,0,0,0,0,17,17,21,0,0,0,0,0,0,0,39,0,0,back
1533758163,-2.86,-1.96,9.03,-0.25,0,0,359.75,-16.75,12.4375,0,0,0,0,0,0,0,17,17,22,0,0,0,0,0,0,0,24,0,0,back
1533758163,-2.84,-1.96,9.02,-0.1875,-0.125,0.125,359.75,-16.75,12.4375,0,0,0,0,0,0,0,19,18,25,0,0,12,0,23,0,0,40,12,10,back
1533758164,-2.8,-1.95,9.08,-0.25,0,-0.0625,359.75,-16.75,12.4375,0,0,0,0,0,0,0,19,19,26,0,0,14,0,25,0,0,40,14,10,back
1533758165,-2.8,-1.97,9.08,0.4375,0.125,0.125,359.75,-16.9375,12.375,0,0,0,0,11,0,1,27,46,39,0,0,15,0,36,0,0,35,40,6,back
1533758165,-2.88,-1.96,9.16,0,0.375,0,359.75,-17.0625,12.375,0,0,0,0,0,0,0,17,20,26,0,0,14,0,28,0,0,48,42,20,back
1533758166,-2.88,-1.97,9.14,-0.125,0.0625,0.0625,359.75,-17.0625,12.375,0,0,0,0,0,0,0,20,38,43,0,0,14,0,24,0,0,44,16,13,back
1533758167,-2.85,-1.94,9.11,0.0625,0,0.125,359.75,-17.0625,12.375,0,0,0,0,0,0,0,11,0,10,0,0,0,0,0,0,0,40,0,0,back
1533758167,-2.85,-1.95,9.13,0.0625,-0.3125,0.125,359.75,-17.0625,12.375,0,0,0,0,0,0,0,18,0,3,0,0,0,0,0,0,0,36,0,0,back
1533758168,-2.85,-1.95,9.05,-0.0625,0.125,-0.1875,359.75,-17.0625,12.375,0,0,0,0,0,0,0,19,20,25,0,0,16,0,14,0,0,36,8,0,back
1533758168,-2.84,-1.94,9.08,0.1875,0,0.125,359.75,-17.0625,12.375,0,0,0,0,0,0,0,20,21,24,0,0,15,0,25,0,0,43,16,12,back
1533758169,-2.84,-1.95,9,0.0625,-0.0625,-0.0625,359.75,-17.0625,12.375,0,0,0,0,0,0,0,20,20,25,0,0,14,0,26,0,0,41,0,0,back
1533758170,-2.83,-1.96,9.01,-0.125,-0.0625,0,359.75,-17.0625,12.375,0,2,0,0,16,0,0,27,24,39,0,0,24,0,22,0,0,32,19,12,back
1533758170,-2.85,-1.94,9.14,-0.125,0.3125,-0.125,359.75,-17.0625,12.375,0,0,0,3,0,0,0,25,30,28,0,0,22,0,30,0,0,42,17,15,back
1533758171,-2.83,-1.97,9.08,-0.0625,0.0625,0.125,359.75,-17.0625,12.375,0,0,0,0,0,0,0,19,30,42,0,0,24,0,45,0,0,52,21,41,back
1533758172,-2.84,-1.97,9.13,0.1875,0.0625,0.125,359.75,-17.0625,12.375,0,0,0,0,0,0,0,20,22,27,0,0,15,0,28,0,0,43,18,13,back
1533758172,-2.86,-1.96,9.11,0,0,0.0625,359.75,-17.0625,12.375,0,0,0,0,0,0,0,0,20,26,0,0,15,0,28,0,0,42,16,14,back
1533758173,-2.85,-2,9.08,0,-0.25,0,359.75,-17.0625,12.375,0,0,0,0,0,0,0,16,11,13,0,0,10,0,22,0,0,29,16,16,back
1533758174,-2.85,-1.97,9.14,-0.3125,-0.0625,0,359.75,-17.0625,12.375,0,0,0,0,0,0,0,23,0,22,0,0,0,0,8,0,0,24,16,13,back
1533758174,-2.86,-1.95,9.1,0,-0.1875,0.0625,359.75,-17.0625,12.375,0,0,0,0,0,0,0,18,0,2,0,0,13,0,11,0,0,21,9,0,back
1533758175,-2.85,-1.94,9.09,0.375,0.125,0.0625,359.75,-17.0625,12.375,0,0,0,0,0,0,0,21,24,28,0,0,16,0,29,0,0,41,17,13,back
1533758176,-2.85,-1.94,9.08,0.0625,-0.125,0.0625,359.75,-17.0625,12.375,0,0,0,0,0,0,0,22,22,27,0,0,15,0,16,0,0,41,15,0,back
1533758176,-2.84,-1.96,9.1,0,-0.25,0,359.75,-17.0625,12.375,0,0,0,0,0,0,0,20,21,26,0,0,12,0,0,0,0,37,0,0,back
1533758177,-2.84,-1.95,9,-0.1875,-0.0625,0.0625,359.75,-17.0625,12.375,0,0,0,0,0,0,0,20,20,10,0,0,0,0,9,0,0,34,0,3,back
1533758178,-2.86,-1.94,9.05,0.0625,0.0625,0,359.75,-17.0625,12.375,0,5,0,0,15,0,0,25,26,33,0,0,37,0,35,0,0,52,17,14,back
1533758178,-2.84,-1.96,9.11,0,-0.0625,-0.0625,359.75,-17.0625,12.375,0,0,0,6,0,0,0,43,30,40,0,0,0,0,42,0,0,46,19,7,back
1533758179,-2.84,-1.95,9.09,0.125,-0.0625,-0.0625,359.75,-17.0625,12.375,0,0,0,0,0,0,0,20,24,28,0,0,18,0,37,0,0,59,23,24,back
1533758180,-2.85,-1.96,9.15,0,0.0625,0,359.75,-17.0625,12.375,0,0,0,0,0,0,0,22,22,26,0,0,16,0,30,0,0,42,19,14,back
1533758180,-2.83,-1.95,9.14,-0.125,0.25,0,359.75,-17.0625,12.375,0,0,0,0,0,0,0,0,13,10,0,0,0,0,24,0,0,45,16,14,back
1533758181,-2.84,-1.94,9.07,-0.125,0.0625,0,359.75,-17.0625,12.375,0,0,0,0,13,0,0,21,23,28,0,0,16,0,30,0,0,42,15,0,back
1533758181,-2.84,-1.96,9.13,0,0.0625,-0.125,359.75,-17.0625,12.375,0,0,0,0,0,0,0,21,23,28,0,0,8,0,18,0,0,27,0,0,back
1533758182,-2.85,-1.98,9.09,-0.0625,0.0625,0.125,359.75,-17.0625,12.375,0,0,0,0,0,0,0,21,23,28,0,0,17,0,30,0,0,43,10,0,back
1533758183,-2.84,-1.99,9.07,-0.25,0.0625,-0.0625,359.75,-17.0625,12.375,0,6,0,0,23,0,0,13,24,36,0,0,17,0,31,0,0,39,18,14,back
1533758190,-2.83,-2,8.98,-0.0625,0.0625,-0.0625,359.75,-17.0625,12.375,0,0,0,0,0,0,0,21,23,27,0,0,14,0,16,0,0,33,0,0,back
1533758190,-2.87,-1.99,9.02,0.0625,0,-0.0625,359.75,-17.0625,12.375,0,0,0,0,0,0,0,21,24,28,0,0,16,0,30,0,0,44,14,0,back
1533758190,-2.82,-1.97,9.02,0.125,-0.3125,0.0625,359.75,-17.0625,12.375,0,0,0,0,0,0,0,29,31,26,0,0,0,0,37,0,0,53,24,17,back
1533758190,-2.69,-1.98,9.45,-7.8125,-12.3125,-0.75,359.6875,-16.125,12.5625,0,0,0,6,0,0,0,21,31,57,0,0,18,0,44,0,0,21,18,19,back
1533758190,-1.29,-3.22,8.65,11.3125,5.125,0.75,358.5,-8.125,19.75,0,0,0,0,0,0,0,0,13,18,0,0,0,0,17,0,0,11,0,0,left
1533758190,-1.74,-2.25,8.73,-1,-2.6875,-0.75,359,-8.8125,14.1875,0,0,0,0,0,0,0,0,0,14,0,0,0,0,21,0,0,17,15,16,left
1533758190,0.04,-2.74,9.44,2.75,-12.4375,0,357.875,-1.75,14.625,0,0,0,6,0,0,0,0,0,0,0,0,0,0,0,0,0,8,0,0,left
1533758190,0.28,-2.54,9,2.4375,-21,-3.4375,357.8125,1.8125,14.6875,0,0,0,0,9,0,0,0,22,38,0,0,0,0,24,0,0,8,20,5,left
1533758190,-0.13,-2.95,8.92,-0.875,-37.5,2.625,357.9375,-2.8125,17.8125,0,0,0,0,0,0,0,0,0,19,0,0,0,0,18,0,0,10,0,0,left
1533758190,0.28,-2.61,9.12,1.6875,-3.8125,0.9375,357.1875,1.5625,16.8125,0,0,0,0,12,0,0,0,3,32,0,0,0,0,8,0,0,11,0,10,left
1533758190,0.46,-2.85,9.33,-5.0625,0.25,-0.875,357.375,2.875,17.1875,0,0,0,0,0,0,0,0,11,0,0,0,0,0,39,0,0,10,0,0,left
1533758191,0.5,-2.76,9.19,0.4375,-0.875,0.0625,357.4375,2.5,17.1875,0,0,0,0,0,0,0,0,0,29,0,0,0,0,53,0,0,10,0,12,left
1533758191,0.34,-2.83,9.1,-0.5625,-0.4375,0,357.5,2.375,17.375,0,0,0,0,0,0,0,0,13,26,0,0,0,0,20,0,0,11,0,10,left
1533758192,0.38,-2.88,9.09,-0.3125,-0.1875,0,357.5,2.375,17.375,0,0,0,0,0,0,0,0,0,23,0,0,0,0,0,0,0,10,0,0,left
1533758192,0.39,-2.85,9.09,0.0625,-0.25,0,357.5,2.375,17.375,0,0,0,0,0,0,0,0,0,27,0,0,0,0,21,0,0,12,0,23,left
1533758193,0.37,-2.84,9.16,0.1875,-0.1875,-0.125,357.5,2.375,17.375,0,0,0,0,0,0,0,0,0,18,0,0,0,0,0,0,0,7,0,0,left
1533758194,0.37,-2.87,9.11,0.0625,-0.0625,0.0625,357.5,2.375,17.375,0,0,0,0,0,0,0,0,14,40,0,0,0,0,32,0,0,10,7,21,left
1533758194,0.39,-2.85,9.13,0.125,0.0625,0.1875,357.5,2.375,17.375,0,0,0,0,0,0,0,0,0,19,0,0,0,0,17,0,0,11,0,0,left
1533758195,0.39,-2.84,9.02,0.0625,-0.0625,0,357.5,2.375,17.375,0,0,0,0,24,0,0,0,20,21,0,0,6,0,25,0,0,11,0,17,left
1533758196,0.38,-2.84,9.17,0.125,0.0625,0,357.5,2.375,17.375,0,0,0,0,0,0,0,0,0,0,0,0,0,0,16,0,0,11,0,33,left
1533758196,0.39,-2.81,9.13,0.125,0.25,0.125,357.5,2.375,17.3125,0,0,0,0,0,0,0,0,8,43,0,0,0,0,25,0,0,10,0,17,left
1533758197,0.38,-2.84,9.11,-0.125,-0.125,0.0625,357.5,2.375,17.3125,0,0,0,6,0,0,0,0,20,48,0,0,0,0,28,0,0,10,0,18,left
1533758198,0.38,-2.83,9.15,0,-0.3125,-0.0625,357.5,2.375,17.3125,0,0,0,0,0,0,0,0,0,27,0,0,0,0,27,0,0,11,7,15,left
1533758198,0.4,-2.82,9.11,0.375,-0.4375,-0.25,357.5,2.4375,17.3125,0,0,3,0,31,0,0,0,16,76,0,0,0,0,27,0,0,5,0,0,left
1533758199,0.41,-2.87,9.16,-0.25,0.125,0.0625,357.5,2.4375,17.3125,0,0,0,0,0,0,0,0,10,63,0,0,0,0,28,0,0,5,1,29,left
1533758200,0.41,-2.85,9.17,0.125,0.125,0.0625,357.5,2.4375,17.3125,0,0,0,0,24,0,0,0,21,86,0,0,0,0,32,0,0,12,0,25,left
1533758200,0.41,-2.8,9.1,-0.125,-0.1875,0.0625,357.5,2.4375,17.3125,0,0,0,0,0,0,0,0,19,95,0,0,0,0,31,0,0,10,0,23,left
1533758201,0.37,-2.87,9.13,0,0.0625,0.0625,357.5,2.4375,17.3125,0,0,0,0,13,0,0,0,18,111,0,0,0,0,31,0,0,10,10,22,left
1533758201,0.39,-2.86,9.01,-0.375,0.1875,0.0625,357.5,2.4375,17.3125,0,0,0,0,0,0,0,0,20,120,0,0,0,0,31,0,0,12,12,25,left
1533758202,0.39,-2.83,9.15,0,0.25,0.0625,357.5,2.4375,17.3125,0,0,0,0,14,0,0,0,19,129,0,0,0,0,32,0,0,10,0,27,left
1533758203,0.38,-2.87,9.18,0.0625,-0.0625,0.125,357.5,2.4375,17.3125,0,0,0,0,14,0,0,0,20,136,0,0,0,0,37,0,0,9,10,27,left
1533758203,0.39,-2.88,9.14,0,0.0625,0,357.5,2.4375,17.3125,0,0,0,0,12,0,0,0,22,136,0,0,0,0,32,0,0,6,0,22,left
1533758204,0.39,-2.84,9.1,0,-0.125,0,357.5,2.4375,17.3125,0,0,0,0,8,0,0,7,32,99,0,0,9,0,53,0,0,10,0,26,left
1533758205,0.4,-2.86,9.05,0,0.125,-0.125,357.5,2.4375,17.3125,0,0,0,0,10,0,0,0,27,169,0,0,12,0,34,0,0,10,0,27,left
1533758205,0.38,-2.89,9.17,-0.0625,-0.0625,-0.0625,357.5,2.375,17.3125,0,0,0,0,0,0,0,0,20,141,0,0,0,0,30,0,0,10,0,25,left
1533758206,0.39,-2.85,9.1,-0.1875,-0.0625,-0.0625,357.5,2.375,17.3125,0,0,0,0,0,0,0,0,20,149,0,0,0,0,31,0,0,10,12,28,left
1533758207,0.38,-2.86,9.1,0,-0.4375,-0.125,357.5,2.375,17.3125,0,0,0,0,0,0,0,0,20,145,0,0,0,0,41,0,0,8,0,30,left
1533758207,0.33,-2.94,9,0.3125,-0.375,0.125,357.5,2.1875,17.4375,0,0,0,0,15,0,0,0,20,146,0,0,0,0,11,0,0,10,14,24,left
1533758208,0.33,-2.88,9.06,-0.25,0.0625,0.125,357.5,2.1875,17.4375,0,0,3,0,12,0,0,0,17,195,0,0,0,0,42,0,0,9,0,47,left
1533758209,0.26,-3.11,8.93,1.9375,-0.5,-0.25,358.0625,1.125,18.4375,0,0,0,0,0,0,0,0,0,62,0,0,0,0,9,0,0,10,0,19,left
1533758209,0.16,-3.02,9.02,0.6875,-0.75,0.3125,357.9375,1.1875,18.125,0,0,0,0,13,0,0,0,14,117,0,0,0,0,25,0,0,10,0,43,left
1533758210,0.23,-3.01,9,-0.4375,-0.4375,0.375,357.9375,1.4375,18.3125,0,0,0,0,0,0,0,0,16,126,0,0,0,0,26,0,0,8,0,56,left
1533758210,0.2,-3.06,9.06,0.75,0.5,0.125,357.875,1.4375,18.375,0,0,0,0,0,0,0,0,6,101,0,0,0,0,51,0,0,5,9,42,left
1533758211,0.33,-2.97,9.17,1.25,-1.1875,0.125,357.75,2.125,18.0625,0,0,0,0,0,0,0,0,19,144,0,0,0,0,31,0,0,9,0,30,left
1533758212,0.36,-2.97,9.12,-0.125,-0.125,0.1875,357.6875,2.1875,17.9375,0,0,0,0,0,0,0,0,0,91,0,0,0,0,43,0,0,9,0,29,left
1533758212,0.35,-2.94,9.07,0.1875,-0.1875,-0.125,357.6875,2.1875,17.9375,0,0,0,0,25,0,0,7,38,142,0,0,0,0,27,0,0,9,10,31,left
1533758213,0.39,-2.91,9.08,0.6875,-1.1875,-0.0625,357.6875,2.4375,17.6875,0,0,0,0,14,0,0,0,18,142,0,0,0,0,29,0,0,9,0,32,left
1533758214,0.46,-2.88,9.12,-0.0625,0.1875,-0.0625,357.625,2.625,17.625,0,0,0,0,0,0,0,0,0,152,0,0,0,0,41,0,0,12,0,31,left
1533758214,0.43,-2.9,9.12,-0.0625,-0.0625,-0.125,357.625,2.625,17.625,0,0,0,0,0,0,0,0,21,131,0,0,0,0,28,0,0,10,0,34,left
1533758215,0.41,-2.9,9.17,0.0625,0,-0.0625,357.625,2.625,17.625,0,0,0,0,0,0,0,0,19,152,0,0,0,0,29,0,0,9,0,33,left
1533758216,0.42,-2.92,9.05,-0.125,0.125,0.0625,357.625,2.625,17.625,0,0,0,0,14,0,0,0,19,150,0,0,0,0,29,0,0,9,10,34,left
1533758216,0.43,-2.91,9.05,0,0.0625,-0.0625,357.625,2.625,17.625,0,0,0,0,14,0,0,0,20,153,0,0,0,0,25,0,0,4,14,30,left
1533758217,0.41,-2.9,9.11,-0.1875,0.1875,-0.125,357.625,2.625,17.625,0,0,0,0,13,0,0,0,18,159,0,0,0,0,34,0,0,6,0,43,left
1533758218,0.4,-2.87,9.1,-0.3125,0.4375,0.0625,357.625,2.625,17.625,0,0,0,0,14,0,0,0,6,119,0,0,0,0,29,0,0,9,10,32,left
1533758218,0.42,-2.92,9.09,-0.4375,0.0625,-0.125,357.625,2.625,17.625,0,8,0,0,4,0,0,0,24,186,0,0,3,0,28,0,0,9,0,33,left
1533758219,0.39,-2.91,9.01,0.0625,-0.0625,0,357.625,2.625,17.625,0,0,0,0,2,0,0,0,7,151,0,0,0,0,29,0,0,9,0,35,left
1533758219,0.42,-2.93,9.03,-0.4375,0.1875,0.0625,357.625,2.625,17.5625,0,0,0,0,16,0,0,0,20,162,0,0,0,0,30,0,0,9,0,36,left
1533758220,0.4,-2.9,9.1,0.25,0,0.125,357.625,2.625,17.5625,0,0,0,0,14,0,0,0,19,162,0,0,0,0,30,0,0,9,0,36,left
1533758227,0.4,-2.92,9.11,0.0625,-0.0625,0.125,357.625,2.625,17.5625,0,0,0,0,14,0,0,0,22,163,0,0,0,0,28,0,0,9,0,34,left
1533758227,0.4,-2.9,9.12,0.125,-0.0625,0,357.625,2.625,17.5625,0,0,0,0,14,0,0,0,25,246,0,0,0,0,29,0,0,17,0,35,left
1533758227,0.43,-2.78,9.13,2.875,-1.4375,-0.1875,357.625,2.75,17.25,0,0,0,0,14,0,0,0,15,105,0,0,0,0,0,0,0,8,0,15,left
1533758227,-0.2,-4.12,8.45,7.25,9.5,-2.75,356.75,-0.125,19.8125,0,0,0,0,0,0,0,0,0,122,0,0,0,0,20,0,0,6,0,49,stomach
1533758227,-0.98,-1.86,9.66,2.0625,3.125,0.625,357.4375,-5,11,0,0,0,0,0,0,0,0,0,16,0,0,0,0,0,0,0,0,0,0,stomach
1533758227,-2.23,-2.11,8.93,-10.8125,12.625,-2.6875,0,-11.1875,15.5625,0,0,0,1,0,0,0,0,0,21,0,0,0,0,28,0,0,13,0,15,stomach
1533758227,0,-1.09,8.89,36.1875,-41.8125,16,355.625,6.125,3.9375,0,0,0,25,0,0,0,0,27,36,0,0,0,0,24,0,0,8,49,51,stomach
1533758227,-1.71,-2.19,9.69,5.25,19,-0.9375,358.625,-8.25,14.1875,0,0,0,0,0,0,0,0,0,20,0,0,0,0,29,48,0,13,36,57,stomach
1533758227,-0.6,-2.94,8.98,8.25,4.25,2.3125,357.9375,-3.6875,16.25,0,0,0,2,0,0,0,0,16,23,0,0,0,0,37,0,0,13,45,58,stomach
1533758227,-0.51,-2.66,8.92,-1.5,-0.4375,0.125,358,-3.6875,16.0625,0,0,0,0,0,0,0,0,21,14,0,0,0,0,29,21,0,19,46,53,stomach
1533758228,-0.53,-2.71,9.18,0.4375,-0.3125,0,358,-3.6875,16.25,0,0,0,0,0,0,0,0,0,19,0,0,0,0,26,28,0,39,35,28,stomach
1533758228,-0.57,-2.73,9.16,0.5,0.1875,-0.0625,358,-3.625,16.25,0,0,0,0,0,0,0,0,0,21,0,0,5,0,22,26,4,26,34,83,stomach
1533758229,-0.56,-2.76,9.23,0.25,-0.125,-0.125,358,-3.625,16.25,0,0,0,0,0,0,0,0,0,12,0,0,0,0,26,33,0,6,35,23,stomach
1533758230,-0.58,-2.71,9.22,0.25,0.0625,-0.0625,358,-3.625,16.25,0,0,0,9,0,0,0,0,16,13,0,0,18,0,42,35,0,17,48,56,stomach
1533758230,-0.54,-2.76,9.23,0.5,-0.0625,0,358,-3.625,16.25,0,0,0,0,0,0,0,0,16,22,0,0,6,0,43,29,0,6,51,54,stomach
1533758231,-0.55,-2.76,9.2,-0.5,0.25,0.0625,358,-3.625,16.25,0,0,0,0,17,0,0,0,20,28,0,0,12,0,46,34,0,9,43,51,stomach
1533758232,-0.55,-2.76,9.24,-0.1875,0,0.0625,358,-3.625,16.25,0,0,0,8,0,0,0,0,13,14,0,0,0,0,32,36,0,4,19,56,stomach
1533758232,-0.54,-2.79,9.23,0.0625,0.0625,0.125,358,-3.625,16.25,0,0,0,0,9,0,0,0,25,37,0,0,0,0,48,36,0,19,44,50,stomach
1533758233,-0.54,-2.69,9.18,0.25,-0.0625,-0.125,358,-3.625,16.0625,0,0,0,0,10,0,0,0,21,31,0,0,13,0,49,32,0,19,50,48,stomach
1533758234,-0.54,-2.7,9.26,-0.3125,-0.25,0.0625,358,-3.625,16.0625,0,0,0,0,17,0,0,0,20,22,0,0,0,0,36,32,0,12,15,44,stomach
1533758234,-0.54,-2.73,9.2,0.1875,0,-0.125,358,-3.625,16.0625,0,0,0,9,0,0,0,0,18,24,0,0,0,0,44,36,2,29,40,45,stomach
1533758235,-0.55,-2.78,9.19,0.25,0.125,0.125,358,-3.625,16.0625,0,0,0,0,0,0,0,0,0,23,0,0,0,0,32,36,0,0,22,27,stomach
1533758236,-0.53,-2.73,9.22,0.1875,0.0625,0.1875,358,-3.625,16.0625,0,0,0,0,0,0,0,10,0,17,0,0,0,0,33,34,0,17,68,54,stomach
1533758236,-0.54,-2.75,9.18,-0.5625,0,0,358,-3.625,16.0625,0,0,0,0,0,0,0,10,18,30,0,0,0,0,42,19,0,16,41,46,stomach
1533758237,-0.56,-2.75,9.17,-0.25,-0.1875,0.125,358,-3.625,16.0625,0,0,0,0,17,0,0,0,23,32,0,0,14,0,47,28,0,21,49,52,stomach
1533758238,-0.57,-2.72,9.14,0.5625,0.0625,-0.1875,358,-3.625,16.0625,0,0,0,10,18,0,0,0,24,34,0,0,18,0,58,29,0,22,58,64,stomach
1533758238,-0.58,-2.71,9.12,0.25,-0.25,-0.125,358,-3.625,16.0625,0,0,0,10,24,0,0,0,32,42,0,0,24,0,56,34,6,22,45,50,stomach
1533758239,-0.52,-2.72,9.16,0.25,-0.1875,0,358,-3.625,16.0625,0,0,0,11,17,0,0,10,24,34,0,0,14,0,48,26,0,20,50,34,stomach
1533758240,-0.56,-2.75,9.2,-0.0625,0.0625,-0.0625,358,-3.625,16.0625,0,0,0,10,17,0,0,23,31,47,0,0,16,0,66,35,6,26,63,59,stomach
1533758240,-0.56,-2.75,9.15,0.25,0.125,0,358,-3.625,16.0625,0,0,0,27,19,0,0,0,29,60,0,0,16,0,42,21,7,12,60,45,stomach
1533758241,-0.56,-2.68,9.13,-0.125,-0.4375,0.0625,358,-3.625,16.0625,0,0,0,10,16,0,0,0,25,35,0,0,15,0,50,30,0,20,49,19,stomach
1533758242,-0.56,-2.72,9.31,-0.0625,0,-0.125,358,-3.625,16.0625,0,0,0,0,5,0,0,13,20,48,0,0,0,0,51,12,0,21,47,50,stomach
1533758242,-0.53,-2.74,9.21,0.0625,0.125,0.125,358,-3.625,16.0625,0,0,0,16,0,0,0,0,18,31,0,0,0,0,46,34,0,20,48,51,stomach
1533758243,-0.55,-2.73,9.18,0.1875,0.0625,0,358,-3.625,16.0625,0,0,0,0,23,0,0,11,25,37,0,0,16,0,51,35,0,23,49,51,stomach
1533758243,-0.55,-2.76,9.24,-0.1875,0.25,0.0625,358,-3.625,16.0625,0,0,0,11,19,0,0,0,45,48,0,0,21,0,62,27,0,22,48,37,stomach
1533758244,-0.55,-2.71,9.16,0.0625,-0.125,-0.125,358,-3.625,16.0625,0,0,0,0,36,0,0,13,31,45,0,0,17,0,48,35,0,21,49,51,stomach
1533758245,-0.52,-2.73,9.19,0.0625,0.125,0.125,358,-3.625,16.0625,0,0,0,11,18,0,0,0,26,38,0,0,16,0,50,37,0,23,48,20,stomach
1533758245,-0.54,-2.71,9.17,0.1875,0.125,-0.0625,358,-3.625,16.0625,0,0,0,0,18,0,0,0,26,24,0,0,0,0,30,22,0,20,44,35,stomach
1533758246,-0.55,-2.68,9.18,-0.1875,-0.125,0,358,-3.625,16.0625,0,0,0,10,4,0,0,0,18,25,0,0,19,0,38,0,0,19,46,80,stomach
1533758247,-0.54,-2.73,9.13,0.125,-0.125,0.125,358,-3.625,16.0625,0,0,0,10,17,0,0,6,22,28,0,0,15,0,30,24,0,18,53,41,stomach
1533758247,-0.54,-2.74,9.22,0,0,-0.0625,358,-3.625,16.0625,0,0,0,0,16,0,0,0,37,26,0,0,16,0,37,38,0,23,53,56,stomach
1533758248,-0.52,-2.72,9.23,-0.125,-0.0625,-0.0625,358,-3.625,16.0625,0,0,0,15,20,0,0,22,34,52,0,0,24,0,61,7,9,24,54,38,stomach
1533758249,-0.53,-2.7,9.22,0.3125,0.0625,0.125,358,-3.625,16.0625,0,0,0,10,17,0,0,11,29,41,0,0,17,0,60,0,0,21,58,64,stomach
1533758249,-0.55,-2.72,9.18,0,0,-0.0625,358,-3.625,16.0625,0,0,0,11,26,0,0,11,34,51,0,0,22,0,44,37,0,21,61,67,stomach
1533758250,-0.53,-2.73,9.19,0.3125,0.125,-0.0625,358,-3.625,16.0625,0,0,0,11,17,0,0,0,22,31,0,0,5,0,21,30,0,5,45,44,stomach
1533758251,-0.52,-2.68,9.16,0.375,0.125,-0.0625,358,-3.625,16.0625,0,0,0,7,21,0,0,0,23,40,0,0,17,0,48,33,0,24,50,56,stomach
1533758251,-0.53,-2.67,9.23,0.0625,0.125,-0.0625,358,-3.625,16.0625,0,0,0,0,16,0,0,11,28,43,0,0,18,0,49,0,0,21,69,72,stomach
1533758252,-0.52,-2.68,9.23,-0.0625,0,0,358,-3.625,16.0625,0,0,0,11,16,0,0,10,32,75,0,0,19,0,84,0,0,25,49,100,stomach
1533758253,-0.52,-2.7,9.18,0.1875,0.125,-0.125,358,-3.625,16.0625,0,0,0,14,0,0,0,0,24,45,0,0,18,0,49,0,0,23,47,56,stomach
1533758253,-0.5,-2.65,9.14,0.25,-0.3125,-0.1875,358,-3.625,16.0625,0,0,0,17,9,0,0,11,31,45,0,0,19,0,50,8,0,22,48,53,stomach
1533758254,-0.53,-2.68,9.21,0,-0.125,0,358,-3.625,16.0625,0,0,0,25,0,0,0,0,19,45,0,0,16,0,52,0,0,23,50,57,stomach
1533758255,-0.52,-2.68,9.21,0,0.0625,0.125,358,-3.625,16.0625,0,0,0,10,17,0,0,12,29,46,0,0,18,0,51,0,0,23,48,58,stomach
1533758255,-0.53,-2.72,9.18,0,0.25,0.0625,358,-3.625,16.0625,0,0,0,0,0,0,0,0,25,44,0,0,18,0,47,0,0,22,49,57,stomach
1533758256,-0.52,-2.68,9.16,-0.0625,-0.1875,0.0625,358,-3.625,16.0625,0,0,0,0,0,0,0,12,27,46,0,0,18,0,52,0,0,23,49,61,stomach
1533758257,-0.55,-2.68,9.17,-0.25,-0.25,0.0625,358,-3.625,16.0625,0,0,0,0,16,0,0,10,30,46,0,0,19,0,51,0,0,24,52,60,stomach
1533758264,-0.51,-2.68,9.21,-0.125,-0.125,-0.0625,358,-3.625,16.0625,0,0,0,19,18,0,0,0,41,62,0,0,23,0,63,0,0,34,54,70,right
1533758264,-0.52,-2.68,9.15,0.25,0.1875,0,358,-3.625,16.0625,0,0,0,16,19,0,0,11,39,57,0,0,9,0,53,0,0,21,51,69,right
1533758264,-0.52,-2.66,9.13,0.0625,0,-0.125,358,-3.625,16.0625,0,0,0,0,22,0,0,8,30,41,0,0,18,0,53,0,0,25,48,59,right
1533758264,-0.51,-3.37,9.85,-36.6875,29.9375,5.6875,357.625,-5.5,19.3125,0,0,0,0,0,0,0,0,0,17,0,0,0,0,21,0,0,11,10,2,right
1533758264,-1.86,-2.78,9.68,3.375,-5.1875,0.875,357.625,-11.4375,15.0625,0,0,0,0,0,0,0,0,0,13,0,0,0,0,17,0,0,10,12,12,right
1533758264,-0.92,-2.26,8.06,-0.0625,-2.125,0.1875,357.1875,-9.875,14.5625,0,0,0,0,0,0,0,0,0,14,0,0,0,0,16,0,0,8,13,12,right
1533758264,-1.7,-2.28,10.43,14.25,-11,0.75,357.625,-12.1875,14.9375,0,0,0,0,0,0,0,4,0,21,12,0,0,0,16,0,0,8,11,12,right
1533758264,-1.54,-1.94,8.99,12,-9,-0.5625,359,-9.5625,13.5,0,0,0,0,0,38,0,0,0,0,0,0,0,0,0,0,0,11,0,0,right
1533758264,-2.55,-3.99,11.74,-3.75,16.75,-5.0625,359.25,-13.1875,16.1875,0,0,0,0,0,0,0,0,0,0,0,0,0,0,0,0,0,6,0,0,right
1533758264,-2.48,-1.7,8.7,-2.4375,1.5625,-0.375,1.9375,-18.3125,13.1875,0,10,0,0,0,856,5,13,14,23,0,0,20,0,25,0,14,18,18,25,right
1533758264,-3.36,-1.83,9.24,1.3125,2.3125,-1,2.875,-20.25,12.625,0,18,0,0,0,0,0,12,0,19,10,0,0,0,18,0,0,13,12,12,right
1533758264,-3.12,-1.9,8.78,-1.4375,-2.875,-0.0625,2.5625,-19.8125,12.6875,0,7,0,0,0,0,0,11,0,19,23,0,0,0,20,0,0,12,13,18,right
1533758265,-3.32,-2.07,9,0.1875,-0.75,0.0625,2.5625,-19.9375,12.8125,0,8,0,0,0,856,2,0,0,0,26,0,0,0,20,0,0,0,7,22,right
1533758266,-3.33,-2.05,8.99,0.125,0.1875,-0.125,2.5625,-19.875,12.8125,0,8,0,0,29,857,14,16,15,37,35,9,19,0,15,0,0,20,0,16,right
1533758266,-3.33,-2.01,8.98,-0.375,0.1875,0,2.5625,-19.875,12.8125,0,11,3,0,0,857,6,14,13,20,22,0,13,0,21,0,0,12,12,0,right
1533758267,-3.32,-2.06,8.97,-0.25,0.1875,0,2.5625,-19.875,12.8125,0,8,0,0,0,856,3,0,0,0,28,0,0,0,9,0,0,7,1,9,right
1533758268,-3.34,-2.05,8.97,-0.125,0.0625,0.0625,2.5625,-19.875,12.8125,0,5,0,0,0,856,0,0,0,11,28,0,0,0,33,0,0,8,0,0,right
1533758268,-3.33,-2.06,8.93,-0.25,0.1875,0,2.5625,-19.875,12.8125,0,9,0,0,0,856,0,0,0,0,28,0,0,0,2,0,0,0,0,8,right
1533758269,-3.34,-2.09,8.97,-0.1875,-0.125,0.0625,2.5625,-19.875,12.8125,0,13,0,0,0,856,0,0,0,21,25,0,0,0,5,0,0,8,0,12,right
1533758270,-3.3,-2.07,8.93,-0.3125,0.1875,-0.0625,2.5625,-19.875,12.8125,0,13,0,0,0,855,5,13,0,21,22,0,13,0,22,0,0,12,12,12,right
1533758270,-3.31,-2.02,8.98,-0.125,0.125,0.125,2.5625,-19.875,12.8125,0,10,0,0,0,856,8,16,0,22,20,0,13,0,22,0,13,14,22,16,right
1533758271,-3.31,-2.06,8.98,0.375,-0.125,0.125,2.5625,-19.875,12.8125,0,11,0,0,0,856,9,16,14,52,19,0,39,0,32,0,13,18,19,32,right
1533758272,-3.33,-2.03,9.01,0,0.125,0.0625,2.5625,-19.875,12.8125,0,14,0,0,34,856,15,25,17,26,17,0,32,0,51,0,0,16,8,13,right
1533758272,-3.33,-2.04,8.96,-0.0625,0.125,0.0625,2.5625,-19.875,12.8125,0,12,0,0,0,857,11,16,16,24,17,0,14,0,23,0,0,14,13,17,right
1533758273,-3.3,-2.05,8.94,0.1875,-0.3125,-0.125,2.5625,-19.875,12.8125,0,13,0,8,28,856,19,26,19,29,11,0,23,0,32,0,13,15,15,12,right
1533758273,-3.32,-2.06,8.96,-0.25,0.0625,0.0625,2.5625,-19.875,12.8125,0,9,0,0,0,857,11,17,14,21,19,0,15,0,22,0,0,14,12,16,right
1533758274,-3.31,-2,8.94,0,-0.125,-0.0625,2.5625,-19.875,12.8125,0,27,0,0,18,856,19,21,21,30,19,0,29,0,48,0,0,15,0,0,right
1533758275,-3.34,-2.03,8.86,-0.25,0.1875,-0.0625,2.5625,-19.875,12.75,0,13,0,0,0,856,11,17,15,22,17,0,15,0,21,0,0,12,12,0,right
1533758275,-3.33,-2.02,8.87,-0.1875,-0.0625,0.125,2.5625,-19.875,12.75,0,13,0,0,0,856,0,0,0,0,19,0,0,0,14,0,0,12,0,0,right
1533758276,-3.32,-2.02,8.88,0.3125,0.125,0.0625,2.5625,-19.875,12.75,0,13,0,0,0,856,6,6,0,12,20,0,0,0,13,0,0,0,1,0,right
1533758277,-3.31,-2.01,8.98,-0.0625,0,0,2.5625,-19.875,12.75,0,11,0,0,0,0,0,10,0,21,22,0,13,0,23,0,0,13,11,13,right
1533758277,-3.33,-2.03,8.94,0.3125,-0.125,0.0625,2.5625,-19.875,12.75,0,10,0,0,0,0,0,18,13,23,21,0,15,0,22,0,0,12,11,13,right
1533758278,-3.29,-2.04,8.95,-0.0625,0.125,0,2.5625,-19.875,12.75,0,14,0,0,16,856,34,24,23,37,32,0,0,0,39,0,0,27,13,12,right
1533758279,-3.31,-2.03,8.95,-0.25,0.125,-0.0625,2.5625,-19.875,12.75,0,12,0,0,0,0,0,16,15,22,17,0,15,0,23,0,0,13,11,13,right
1533758279,-3.32,-2,8.86,-0.0625,-0.0625,0,2.5625,-19.875,12.75,0,13,0,0,0,26,0,10,0,20,20,0,0,0,0,0,0,10,0,0,right
1533758280,-3.31,-2.05,8.94,0,0,-0.0625,2.5625,-19.875,12.75,0,12,0,0,13,0,0,17,15,22,11,0,15,0,21,0,0,10,0,0,right
1533758281,-3.3,-2.02,8.99,0,-0.0625,-0.0625,2.5625,-19.875,12.75,0,12,0,0,0,0,0,0,0,0,0,0,4,0,20,0,0,16,0,11,right
1533758281,-3.32,-2,8.95,0,0.1875,0.0625,2.5625,-19.875,12.75,0,10,0,0,0,856,12,18,16,24,0,0,17,0,16,0,0,7,0,0,right
1533758282,-3.32,-2.04,8.96,-0.1875,-0.125,0,2.5625,-19.875,12.75,0,10,0,0,0,856,0,0,0,16,0,0,0,0,17,0,0,0,7,0,right
1533758283,-3.3,-2.03,8.95,-0.0625,0,-0.0625,2.5625,-19.875,12.75,0,23,0,0,15,0,2,20,15,0,0,0,14,0,22,0,0,13,12,11,right
1533758283,-3.3,-2,8.98,0.1875,-0.0625,-0.125,2.5625,-19.875,12.75,0,7,0,0,0,0,0,16,0,16,22,0,0,0,21,0,0,13,12,12,right
1533758284,-3.3,-2.03,8.95,-0.0625,0.125,0.125,2.5625,-19.875,12.75,0,14,0,0,15,0,12,41,23,37,27,0,29,0,28,0,11,31,16,20,right
1533758285,-3.33,-2.02,8.95,-0.125,0.0625,-0.0625,2.5625,-19.875,12.75,0,14,0,0,16,9,11,18,16,22,20,0,15,0,21,0,0,8,0,0,right
1533758285,-3.33,-2.04,8.93,-0.1875,-0.0625,0.0625,2.5625,-19.875,12.75,0,15,0,0,0,0,0,0,0,0,14,0,0,0,17,0,0,0,0,0,right
1533758286,-3.33,-2,8.95,-0.5,-0.0625,0.0625,2.5625,-19.875,12.75,0,14,0,0,0,856,8,11,0,15,10,0,0,0,22,0,0,3,11,7,right
1533758287,-3.32,-2.02,8.98,-0.0625,0,-0.0625,2.5625,-19.875,12.75,0,18,0,0,0,15,0,34,0,18,25,0,12,0,22,0,0,12,11,12,right
1533758287,-3.33,-2.03,8.97,-0.1875,-0.0625,0,2.5625,-19.875,12.75,0,18,0,0,15,0,14,27,21,29,0,0,23,0,29,0,15,16,9,32,right
1533758288,-3.31,-2.02,8.96,0.25,-0.375,0,2.5625,-19.875,12.75,0,14,0,0,3,0,0,0,0,15,0,0,17,0,5,0,0,11,0,0,right
1533758289,-3.33,-2.05,8.93,-0.125,-0.0625,0.0625,2.5625,-19.875,12.75,0,18,0,0,19,0,18,0,0,6,0,0,15,0,22,0,0,14,11,13,right
1533758289,-3.33,-1.99,8.99,0,0.125,0.0625,2.5625,-19.875,12.75,0,19,0,0,15,0,13,18,17,27,12,7,22,0,37,0,14,17,23,17,right
1533758290,-3.32,-2.02,8.96,0,0.0625,0,2.5625,-19.875,12.75,0,19,0,0,15,856,15,18,17,25,12,0,16,0,23,0,0,12,26,17,right
1533758290,-3.34,-2.06,8.84,-0.0625,0,0,2.5625,-19.875,12.75,0,19,0,0,15,856,12,17,0,5,12,0,0,0,19,0,0,0,0,0,right
1533758291,-3.32,-2.02,8.99,-0.0625,-0.0625,0.125,2.5625,-19.875,12.75,0,18,0,0,0,0,0,0,0,0,27,0,16,0,19,0,0,13,12,12,right
1533758292,-3.32,-2.09,8.97,0,-0.1875,0,2.5625,-19.875,12.75,0,21,0,0,9,0,0,37,35,24,10,0,18,0,22,0,0,14,12,12,right
1533758292,-3.29,-2.07,8.92,-0.1875,-0.0625,-0.125,2.5625,-19.875,12.75,0,12,0,12,0,0,15,13,19,26,14,0,15,0,24,0,0,13,10,12,right
1533758293,-3.33,-2.03,8.97,0,0.125,-0.0625,2.5625,-19.875,12.75,0,20,0,7,15,16,14,23,41,28,19,0,19,0,29,0,0,20,27,0,right
1533758294,-3.29,-2.03,8.98,0.125,-0.0625,-0.0625,2.5625,-19.875,12.75,0,17,0,0,15,856,15,20,16,25,16,0,18,0,24,0,0,16,16,20,right
1533758300,-3.3,-2.02,8.93,0.5,-0.1875,-0.125,2.5625,-19.875,12.75,0,17,0,0,15,0,15,20,15,24,15,0,0,0,14,0,0,9,0,0,back
1533758300,-3.3,-2.02,8.98,-0.25,0.0625,0.25,2.5625,-19.875,12.75,0,28,0,0,18,0,21,23,20,29,21,0,0,0,0,0,0,4,19,11,back
1533758300,-3.32,-2,8.97,0,-0.0625,0.125,2.5625,-19.875,12.75,0,16,0,8,16,856,15,19,18,22,16,0,0,0,4,0,0,8,0,0,back
1533758300,-3.16,-1.92,8.87,4.1875,1.5625,-1.75,3,-19.375,11.75,0,36,0,0,0,857,8,0,0,7,0,0,0,0,0,0,0,4,0,0,back
1533758300,-2.25,-1.15,9.23,5.625,-18.6875,3.6875,2.875,-15.5,8.625,0,0,0,0,0,855,4,17,18,21,0,0,14,0,17,0,0,17,15,9,back
1533758300,-0.88,-2.3,9.59,-4,-4.875,1.1875,359.9375,-5.6875,13.8125,0,0,0,0,0,0,0,15,0,0,0,0,7,0,0,0,0,19,0,0,back
1533758300,-1.61,-2.33,9.34,3.875,9.3125,-0.875,0.625,-9.3125,12.8125,0,0,0,0,0,0,0,15,19,24,0,0,13,0,20,0,0,18,0,0,back
1533758300,-1.95,-1.91,9.94,15.5625,11.0625,3.125,0.75,-11.875,12.0625,0,0,0,8,0,856,3,21,26,43,0,0,25,0,53,0,0,43,27,9,back
1533758300,-2.07,-2.05,9.15,-0.3125,0.5625,-0.125,0.625,-12.5,12.6875,0,0,0,0,0,0,0,17,28,45,0,0,21,0,38,0,0,49,18,17,back
1533758300,-2.01,-2.09,9.17,0.125,0.125,0.0625,0.625,-12.4375,12.9375,0,0,0,6,0,0,0,0,0,0,0,0,0,0,14,0,0,36,0,0,back
1533758301,-2.07,-2.13,9.18,-0.125,0.4375,0.125,0.625,-12.5,12.9375,0,0,0,0,5,125,0,7,35,26,0,0,17,0,26,0,0,45,15,13,back
1533758302,-2.03,-2.09,9.27,-0.3125,0.0625,0,0.625,-12.5,12.9375,0,0,0,0,0,105,0,18,33,46,0,0,22,0,40,0,0,48,17,20,back
1533758302,-2.03,-2.1,9.26,-0.1875,-0.0625,-0.0625,0.625,-12.5625,12.9375,0,0,0,6,0,102,0,25,31,40,0,0,45,0,40,0,0,54,21,0,back
1533758303,-2.04,-2.08,9.26,-0.0625,-0.25,0,0.625,-12.625,12.9375,0,0,0,0,0,116,0,20,56,48,0,0,20,0,37,0,0,49,14,44,back
1533758303,-2.07,-2.07,9.33,0.0625,-0.375,-0.1875,0.625,-12.625,12.9375,0,0,4,0,0,117,0,17,20,28,0,0,15,0,25,0,0,48,15,15,back
1533758304,-2.06,-2.11,9.22,-0.25,0.1875,-0.125,0.625,-12.625,12.9375,0,0,0,0,0,116,0,18,22,28,0,0,16,0,25,0,0,51,18,18,back
1533758305,-2.07,-2.11,9.22,-0.5,0.0625,-0.1875,0.625,-12.625,12.9375,0,0,0,0,0,112,0,20,22,31,0,0,17,0,26,0,0,50,19,40,back
1533758305,-2.06,-2.1,9.21,-0.125,-0.0625,0.0625,0.625,-12.625,12.9375,0,0,0,0,0,115,0,18,22,28,0,0,17,0,27,0,0,51,15,15,back
1533758306,-2.06,-2.1,9.22,0.3125,0.25,0,0.625,-12.625,12.9375,0,0,0,0,0,143,0,19,20,29,0,0,17,0,24,0,0,49,15,13,back
1533758307,-2.09,-2.07,9.23,-0.0625,-0.0625,0.0625,0.625,-12.625,12.9375,0,0,0,0,0,166,0,20,26,31,0,0,17,0,36,0,0,49,16,29,back
1533758307,-2.08,-2.09,9.18,-0.1875,0.0625,0.0625,0.625,-12.625,12.9375,0,0,0,0,0,149,0,21,31,42,0,0,21,0,39,0,0,48,23,0,back
1533758308,-2.06,-2.05,9.23,0.125,-0.1875,-0.125,0.625,-12.625,12.9375,0,0,0,0,0,130,0,21,26,31,0,0,20,0,36,0,0,66,22,20,back
1533758309,-2.07,-2.09,9.23,0.0625,-0.0625,0,0.625,-12.625,12.9375,0,0,0,0,0,131,0,19,25,30,0,0,16,0,27,0,0,49,15,16,back
1533758309,-2.08,-2.08,9.16,-0.25,-0.0625,0,0.625,-12.625,12.9375,0,0,0,0,0,128,0,20,26,36,0,0,19,0,66,0,0,56,22,29,back
1533758310,-2.06,-2.07,9.15,0.3125,0.1875,0.1875,0.625,-12.625,12.9375,0,0,0,0,0,115,0,5,2,0,0,0,0,0,16,0,0,51,14,16,back
1533758311,-2.05,-2.09,9.23,-0.3125,-0.125,-0.0625,0.625,-12.625,12.9375,0,0,0,0,0,130,0,20,23,29,0,0,17,0,26,0,0,50,17,15,back
1533758311,-2.09,-2.07,9.2,-0.25,-0.0625,0.0625,0.625,-12.625,12.9375,0,0,0,0,0,135,0,20,25,30,0,0,19,0,29,0,0,59,22,23,back
1533758312,-2.09,-2.08,9.28,-0.0625,0.125,-0.0625,0.625,-12.625,12.9375,0,0,0,0,0,139,0,21,40,44,0,0,46,0,49,0,0,48,20,27,back
1533758313,-2.06,-2.08,9.28,-0.1875,-0.1875,0.0625,0.625,-12.625,12.9375,0,0,0,0,0,231,0,19,25,33,0,0,17,0,28,0,0,49,16,30,back
1533758313,-2.08,-2.11,9.22,0.125,-0.25,0,0.625,-12.625,12.9375,0,0,0,0,0,185,0,20,24,30,0,0,17,0,28,0,0,49,15,19,back
1533758314,-2.08,-2.09,9.27,0.25,-0.1875,0,0.625,-12.625,12.9375,0,0,0,0,0,160,0,20,28,31,0,0,17,0,44,0,0,55,33,24,back
1533758315,-2.08,-2.11,9.27,0.0625,0.0625,0.0625,0.625,-12.625,12.9375,0,16,0,0,0,151,0,18,24,31,0,0,17,0,27,0,0,48,17,17,back
1533758315,-2.07,-2.08,9.27,-0.125,-0.0625,-0.1875,0.625,-12.625,12.9375,0,0,0,0,0,144,0,19,26,32,0,0,18,0,27,0,0,48,20,22,back
1533758316,-2.09,-2.08,9.27,-0.25,-0.125,0,0.625,-12.625,12.9375,0,0,0,0,0,144,5,20,32,39,0,0,5,0,28,0,0,49,18,17,back
1533758316,-2.09,-2.08,9.28,0.3125,0,0.0625,0.625,-12.625,12.9375,0,0,0,0,0,117,0,20,25,32,0,0,17,0,27,0,0,49,11,0,back
1533758317,-2.06,-2.09,9.27,-0.0625,-0.0625,0,0.625,-12.625,12.9375,0,0,0,0,0,108,0,19,24,32,0,0,17,0,29,0,0,49,14,7,back
1533758318,-2.09,-2.1,9.29,-0.25,-0.25,-0.0625,0.625,-12.625,12.9375,0,0,0,0,9,95,0,0,0,20,0,0,10,0,13,0,0,45,10,14,back
1533758318,-2.07,-2.11,9.18,0.125,-0.0625,0,0.625,-12.625,12.9375,0,0,0,0,0,54,0,21,27,30,0,0,0,0,21,0,0,38,13,0,back
1533758319,-2.1,-2.05,9.23,0.1875,-0.125,0,0.625,-12.625,12.875,0,0,0,0,0,47,0,20,25,31,0,0,17,0,28,0,0,45,16,15,back
1533758320,-2.07,-2.06,9.21,-0.0625,0.125,0.0625,0.625,-12.625,12.875,0,0,0,0,0,49,0,21,25,32,0,0,18,0,28,0,0,45,16,16,back
1533758320,-2.11,-2.05,9.24,0.0625,-0.125,-0.125,0.625,-12.625,12.875,0,0,0,0,0,141,0,21,27,31,0,0,0,0,0,0,0,50,0,0,back
1533758321,-2.09,-2.05,9.21,0.1875,0.1875,0.0625,0.625,-12.625,12.875,0,0,0,0,0,129,0,20,28,32,0,0,16,0,26,0,0,46,0,0,back
1533758322,-2.1,-2.08,9.16,-0.1875,-0.0625,-0.25,0.625,-12.625,12.875,0,0,0,0,0,149,0,20,20,28,0,0,0,0,27,0,0,48,17,18,back
1533758322,-2.09,-2.07,9.21,0.1875,-0.125,0.0625,0.625,-12.625,12.875,0,0,0,0,0,144,0,20,26,34,0,0,9,0,0,0,0,49,11,0,back
1533758323,-2.11,-2.07,9.22,0.1875,-0.125,-0.125,0.625,-12.625,12.875,0,0,0,0,0,126,0,19,25,33,0,0,17,0,30,0,0,49,17,15,back
1533758324,-2.11,-2.06,9.15,0,-0.125,0,0.625,-12.625,12.875,0,0,0,0,0,147,0,21,27,32,0,0,17,0,28,0,0,52,17,15,back
1533758324,-2.08,-2.07,9.18,0.0625,-0.0625,0.0625,0.625,-12.625,12.875,0,0,0,0,0,162,0,22,29,32,0,0,18,0,28,0,0,50,16,1,back
1533758325,-2.1,-2.08,9.27,0.3125,-0.1875,0.0625,0.625,-12.625,12.875,0,0,0,0,0,165,0,22,32,46,0,0,21,0,45,0,0,55,19,22,back
1533758326,-2.11,-2.08,9.29,0.125,0.0625,-0.1875,0.625,-12.625,12.875,0,0,0,5,0,162,0,22,30,27,0,0,21,0,40,0,0,50,17,14,back
1533758326,-2.09,-2.05,9.29,0.3125,-0.0625,-0.0625,0.625,-12.625,12.875,0,0,0,10,24,171,0,26,33,43,0,0,21,0,32,0,0,52,7,3,back
1533758327,-2.1,-2.06,9.25,-0.125,0.125,-0.125,0.625,-12.625,12.875,0,0,0,0,0,175,0,20,28,34,0,0,20,0,61,0,0,58,21,20,back
1533758328,-2.1,-2.04,9.3,-0.0625,0,0,0.625,-12.625,12.875,0,0,0,0,0,175,0,21,28,33,0,0,17,0,29,0,0,50,29,29,back
1533758328,-2.1,-2.08,9.27,-0.1875,-0.0625,0.125,0.625,-12.625,12.875,0,0,0,0,0,182,0,20,28,32,0,0,16,0,28,0,0,50,17,18,back
1533758329,-2.09,-2.09,9.22,-0.125,0,0.0625,0.625,-12.625,12.875,0,0,0,11,12,192,0,21,27,33,0,0,19,0,28,0,0,52,16,17,back
1533758329,-2.09,-2.09,9.26,0.3125,-0.25,0.125,0.625,-12.625,12.875,0,0,0,0,0,74,0,21,42,47,0,0,23,0,46,0,0,56,21,26,back
1533758330,-2.09,-2.06,9.22,-0.0625,-0.3125,-0.125,0.625,-12.625,12.75,0,0,0,0,0,73,0,21,28,34,0,0,36,0,38,0,0,52,20,21,back
1533758337,-2.1,-2.06,9.22,0.25,-0.0625,-0.125,0.625,-12.625,12.75,0,0,0,0,0,69,0,19,28,34,0,0,17,0,28,0,0,48,19,17,back
1533758337,-2.1,-2.08,9.16,0.0625,-0.1875,-0.0625,0.625,-12.625,12.75,0,0,0,0,0,78,0,21,28,35,0,0,18,0,30,0,0,57,18,17,back
1533758337,-2.12,-2.05,9.18,0.25,0,0.0625,0.625,-12.625,12.75,0,0,0,0,12,77,0,22,28,32,0,0,17,0,30,0,0,55,17,16,back
1533758337,-2.17,-2.13,8.85,-8.4375,1.0625,-2,0.75,-12.25,13.5625,0,0,0,0,0,0,0,21,31,34,0,0,16,0,28,0,0,51,16,17,left
1533758337,-1.41,-3.15,9.5,-1.375,-9.6875,-2.9375,0.4375,-6.875,19.75,0,0,0,0,0,855,0,0,0,0,0,0,0,0,0,0,0,8,5,0,left
1533758337,-0.56,-2.84,9.06,-8.0625,8.75,1.5,359.625,-2.5,17.0625,0,0,0,0,0,0,0,0,0,21,0,0,0,0,13,0,0,11,0,9,left
1533758337,0.08,-2.97,9.59,5.9375,-12.5625,-0.1875,359.0625,1.3125,16.3125,0,0,0,0,48,0,0,8,21,53,0,0,5,0,24,0,0,11,14,11,left
1533758337,-0.02,-2.76,9.09,-3.5625,-4,-0.125,359.5625,-0.125,16.125,0,0,0,0,13,0,0,0,14,48,0,0,0,0,37,0,0,10,13,24,left
1533758337,0.08,-2.64,8.98,2.875,4.625,-0.6875,359.4375,0.5,15.9375,0,0,0,0,0,0,0,0,0,0,0,0,0,0,25,0,0,9,0,0,left
1533758337,0.08,-2.68,9.24,1.125,-3.375,0.5625,359.4375,0.4375,16.1875,0,0,0,9,22,0,0,0,12,71,0,0,0,0,14,0,0,11,0,14,left
1533758337,0.05,-2.61,9.18,-0.5625,0,-0.1875,359.3125,0.4375,15.875,0,0,0,3,33,0,0,0,15,35,0,0,0,0,24,0,0,11,0,10,left
1533758338,0.34,-2.32,9.24,-1.5625,9.3125,0,0.625,0.9375,14.125,0,0,0,0,0,0,0,0,20,50,0,0,0,0,8,0,0,11,0,10,left
1533758339,0.91,-3.51,9.5,6.4375,-15.375,0.5,359.125,3.0625,20.875,0,0,0,13,0,0,0,0,11,24,0,0,0,0,23,0,0,6,14,12,left
1533758339,-0.32,-2.85,8.81,15.3125,6.75,2.625,359.5,1.0625,18.25,0,0,0,0,0,0,0,0,0,0,0,0,0,0,0,0,0,11,0,0,left
1533758340,0.19,-3.06,9.33,-1,7,-1.0625,359.125,1.4375,18.25,0,0,0,0,61,8,0,0,24,53,0,0,0,0,27,0,0,12,12,36,left
1533758340,0.15,-3.09,8.93,-1.4375,1.6875,-0.1875,359.4375,0.8125,18.75,0,0,0,0,12,0,0,0,0,5,0,0,0,0,4,0,0,9,0,10,left
1533758341,0.02,-3.09,9.09,0.125,0.125,-0.0625,359.5,0.5,19.0625,0,0,0,0,35,0,0,0,18,42,0,0,0,0,0,0,0,11,0,12,left
1533758342,0.02,-3.12,9.1,-0.125,-0.1875,0.125,359.5,0.5,19.0625,0,0,0,0,19,0,0,0,0,4,0,0,0,0,23,0,0,10,0,11,left
1533758342,0.02,-3.11,9.08,-0.125,-0.0625,0.1875,359.5,0.5,19.0625,0,0,0,0,0,0,0,0,15,32,0,0,0,0,25,0,0,10,0,12,left
1533758343,0.04,-3.13,8.99,-0.1875,0,0.125,359.5,0.5,19.0625,0,0,0,0,11,0,0,0,13,35,0,0,0,0,25,0,0,10,0,16,left
1533758344,0.01,-3.08,9,0.4375,0,0,359.5,0.5,19.0625,0,0,0,0,16,0,0,0,0,35,0,0,0,0,24,0,0,11,0,13,left
1533758344,0.02,-3.09,9.1,0.25,0.125,-0.0625,359.5,0.5,19.0625,0,0,0,0,14,0,0,0,14,36,0,0,0,0,27,0,0,9,0,22,left
1533758345,0.04,-3.1,9.08,-0.125,0,0.0625,359.5,0.5,19.0625,0,0,0,0,16,0,0,0,14,34,0,0,0,0,25,0,0,11,0,13,left
1533758346,0.05,-3.1,9.05,0.0625,0,-0.0625,359.5,0.5,19.0625,0,0,0,0,17,0,0,0,0,45,0,0,0,0,60,0,0,17,0,23,left
1533758346,0.02,-3.09,9,-0.1875,0,0.0625,359.5,0.5,19.0625,0,0,0,0,0,0,0,0,0,0,0,0,0,0,16,0,0,8,12,0,left
1533758347,0.02,-3.03,8.97,0.0625,0.125,0.0625,359.5,0.5,19.0625,0,0,0,0,22,0,0,0,0,83,0,0,0,0,14,0,0,11,0,14,left
1533758348,0.02,-3.07,9.08,-0.4375,-0.0625,0,359.5,0.5,19.0625,0,0,0,0,20,0,0,0,0,32,0,0,0,0,26,0,0,10,0,13,left
1533758348,0.04,-3.1,9.08,0.125,0.0625,-0.25,359.5,0.5,19.0625,0,0,0,0,16,0,0,0,14,30,0,0,0,0,25,0,0,9,0,0,left
1533758349,0.07,-3.07,9.02,0.0625,-0.125,0.0625,359.5,0.5,19.0625,0,0,0,0,14,0,0,0,0,32,0,0,0,0,24,0,0,11,10,23,left
1533758349,0.02,-3.1,8.99,0.25,-0.1875,-0.0625,359.5,0.5,19.0625,0,0,0,0,0,0,0,0,12,0,0,0,0,0,25,0,0,9,0,0,left
1533758350,0.05,-3.1,9.11,-0.125,0.0625,-0.0625,359.5,0.5,19.0625,0,0,0,0,28,0,0,0,19,56,0,0,6,0,35,0,0,13,0,20,left
1533758351,0.05,-3.1,9.11,-0.1875,0,0,359.5,0.5,19.0625,0,0,0,0,0,0,0,0,0,0,0,0,1,0,3,0,0,10,0,11,left
1533758351,0.06,-3.09,9.07,-0.0625,0.125,0,359.5,0.5,19.0625,0,2,0,0,0,0,0,0,13,35,0,0,0,0,24,0,0,9,0,13,left
1533758352,0.07,-3.08,9.06,-0.125,-0.0625,-0.1875,359.5,0.5,19.0625,0,0,0,0,17,0,0,0,0,34,0,0,0,0,27,0,0,8,23,27,left
1533758353,0.02,-3.06,8.98,0.25,0.1875,0,359.5,0.4375,19.0625,0,0,0,0,30,16,0,0,14,32,0,0,0,0,25,0,0,9,0,12,left
1533758353,0.06,-3,9.12,0.25,-0.3125,0,359.5,0.5,19,0,1,0,0,0,18,0,0,0,30,0,0,0,0,25,0,0,10,0,14,left
1533758354,0.07,-3.04,9.1,-0.0625,-0.1875,0.125,359.5,0.5,19,0,0,0,0,0,27,0,0,0,0,0,0,0,0,0,0,0,10,0,0,left
1533758355,0.05,-3.06,9.1,0.1875,0.25,0.0625,359.5,0.5,19,0,0,0,0,33,194,0,0,33,58,0,0,0,0,25,0,0,9,3,41,left
1533758355,0.08,-3.07,9.05,-0.4375,0.375,-0.1875,359.5,0.5,19,0,0,0,0,0,200,0,0,0,25,0,0,0,0,34,0,0,9,0,13,left
1533758356,0.06,-3.09,9.05,0,-0.1875,0,359.5,0.5,19,0,0,0,0,30,244,0,0,11,52,0,0,0,0,24,0,0,9,0,14,left
1533758357,0.05,-3.05,9.03,-0.125,0.125,-0.0625,359.5,0.5,19,0,0,0,0,19,230,0,0,15,34,0,0,0,0,25,0,0,10,0,15,left
1533758357,0.05,-3.02,9.05,-0.0625,-0.0625,-0.0625,359.5,0.5,19,0,0,0,0,11,207,0,0,0,10,0,0,0,0,14,0,0,8,7,0,left
1533758358,0.08,-3.03,9.11,0.125,0.0625,0.125,359.5,0.5,19,0,0,0,0,17,196,0,0,13,35,0,0,0,0,25,0,0,8,10,25,left
1533758358,0.07,-3.06,9.09,0.1875,0,-0.0625,359.5,0.5,19,0,0,0,0,20,420,2,0,0,0,0,0,0,0,17,0,0,7,0,0,left
1533758359,0.05,-3.04,9.08,0.125,0.125,0,359.5,0.5,19,0,0,0,0,24,228,0,0,13,54,0,0,6,0,34,0,0,8,10,24,left
1533758360,0.07,-3.06,8.98,-0.125,0,0.0625,359.5,0.5,19,0,0,0,0,0,200,0,0,0,0,0,0,0,0,25,0,0,8,3,13,left
1533758360,0.06,-3.06,9.05,0,0.125,-0.0625,359.5,0.5,19,0,0,0,7,16,208,0,0,14,32,0,0,0,0,25,0,0,9,0,15,left
1533758361,0.06,-3.07,9.09,0.25,0,0.1875,359.5,0.5,19,0,17,0,0,6,250,0,0,0,31,0,0,0,0,28,0,0,13,0,13,left
1533758362,0.04,-3.07,9.04,0.0625,-0.0625,-0.0625,359.5,0.5,19,0,0,0,0,20,194,0,0,0,34,0,0,0,0,21,0,0,8,8,0,left
1533758362,0.06,-3.07,8.99,-0.125,0.25,-0.1875,359.5,0.5,19,0,0,0,0,21,134,0,0,13,35,0,0,0,0,26,0,0,12,0,24,left
1533758363,0.09,-3.04,9.04,0.0625,0.3125,0,359.5,0.5,19,0,0,0,0,10,207,0,0,0,0,0,0,0,0,0,0,0,10,0,0,left
1533758364,0.08,-3.03,9.1,0,-0.25,0,359.5,0.5,19,0,0,0,0,65,262,0,0,14,48,0,0,0,0,0,0,0,14,12,22,left
1533758364,0.07,-3.03,9.14,-0.125,0.25,0,359.5,0.5,19,0,0,0,0,0,217,0,0,9,0,0,0,0,0,0,0,0,9,0,14,left
1533758365,0.11,-3.09,9.01,0.3125,-0.3125,0.25,359.5,0.5,19,0,0,0,0,5,276,0,0,13,34,0,0,0,0,23,0,0,9,0,14,left
1533758366,0.08,-3.02,9.08,0.125,0.125,-0.0625,359.5,0.5,19,0,0,0,0,21,272,0,0,0,34,0,0,0,0,22,0,0,11,0,25,left
1533758366,0.07,-3.03,8.99,-0.125,-0.125,0.125,359.5,0.5,19,0,0,0,0,20,261,0,0,0,2,0,0,0,0,17,0,0,9,0,0,left
1533758367,0.07,-3.02,9.12,0.1875,-0.4375,0.0625,359.5,0.5,19,0,0,0,0,23,256,0,0,13,58,0,0,0,0,32,0,0,10,12,29,left
1533758374,0.08,-3.01,9.12,-0.1875,0.25,0.0625,359.5,0.5,19,0,0,0,0,0,253,0,0,0,18,0,0,0,0,45,0,0,9,0,0,left
1533758374,0.08,-3.03,9.03,0,-0.0625,-0.25,359.5,0.5,19,0,0,0,0,25,234,0,0,10,38,0,0,0,0,24,0,0,9,0,16,left
1533758374,0.11,-3.03,9.07,0.25,0.25,0.0625,359.5,0.5,19,0,0,0,0,0,252,0,0,0,14,0,0,0,0,21,0,0,9,11,16,left
1533758374,-0.06,-3.25,8.18,23.5625,18.8125,4.6875,359.75,-5.6875,19.5,0,0,0,0,0,0,0,0,0,15,0,0,0,0,0,0,0,0,0,0,left
1533758374,-1.42,-1.47,9.37,-3.4375,0.6875,0.25,359.375,-6.625,12.375,0,0,0,0,0,0,0,0,14,18,0,0,0,0,22,0,0,13,14,35,stomach
1533758374,-1.8,-2.39,9.1,-3.125,-4.375,0.3125,0.125,-8.25,15,0,0,0,0,0,0,0,0,0,10,0,0,0,0,4,0,0,0,0,0,stomach
1533758374,-0.28,-3.48,9.49,13.125,-12.5625,2.625,358.9375,-4,16.5,0,0,0,0,0,0,0,0,0,0,0,0,0,0,0,0,0,0,0,37,stomach
1533758374,-0.51,-1.83,8.25,-13.375,6.75,-1.9375,359.9375,-2.1875,12,0,0,0,0,0,654,2,0,0,10,0,0,0,0,12,0,0,17,0,0,stomach
1533758374,-1.27,-4.11,7.87,9.5,-15.6875,-1.8125,0.6875,-7.0625,21.625,0,0,0,0,0,0,0,0,0,0,0,0,0,0,0,0,0,8,0,0,stomach
1533758374,-1.53,-3.57,9.78,-15.5625,1.8125,1.5,1.3125,-9.0625,19.75,0,0,0,0,0,0,0,0,0,15,0,0,0,0,0,72,0,0,15,0,stomach
1533758374,-1.27,-2.59,9.13,-2.8125,-1.6875,-1.25,1.8125,-7.375,16.6875,0,0,0,11,16,0,0,0,21,39,0,0,19,0,26,95,0,16,28,1,stomach
1533758375,-1.36,-2.95,9.29,7.1875,-5,0.25,1.8125,-8,17.1875,0,0,0,0,31,0,0,12,28,42,0,0,20,0,30,87,0,18,30,30,stomach
1533758375,-1.19,-2.72,9.15,0.125,-0.5625,0.0625,1.6875,-7.3125,16.4375,0,3,0,13,28,0,0,13,33,54,0,0,39,0,43,89,0,32,45,46,stomach
1533758376,-1.25,-2.68,9.2,-2.5,1.625,0.1875,1.6875,-7.4375,16.5625,0,0,0,12,31,0,0,9,31,55,0,0,21,0,38,39,0,21,43,33,stomach
1533758377,-0.78,-2.87,9.23,-1.0625,0.875,0.1875,1.6875,-5.1875,18,0,0,0,0,12,0,0,0,21,31,0,0,0,0,25,0,0,19,48,28,stomach
1533758377,-0.84,-2.98,8.98,0.9375,-2.4375,-1,1.75,-5.1875,18.625,0,0,0,0,0,857,6,0,0,0,0,0,0,0,15,46,0,0,1,6,stomach
1533758378,-0.84,-3.17,9.12,6,3.4375,0.75,1.5,-4,17.9375,0,0,0,0,14,856,3,0,23,29,0,0,13,0,27,52,0,15,26,36,stomach
1533758378,-0.75,-2.8,9.18,1.5,-0.3125,0.125,1.4375,-4.1875,17.25,0,0,0,0,50,0,0,1,30,57,0,0,0,0,30,69,0,18,33,32,stomach
1533758379,-0.67,-2.87,9.18,-0.3125,0.3125,0.125,1.4375,-4.0625,17.25,0,0,0,3,8,331,6,0,22,32,0,0,14,0,29,23,0,17,28,36,stomach
1533758380,-0.65,-2.83,9.16,-0.125,0.125,0.0625,1.4375,-4.125,17.25,0,0,0,0,16,0,0,0,23,34,0,0,12,0,10,19,0,0,26,0,stomach
1533758380,-0.68,-2.8,9.23,-0.0625,0.0625,-0.0625,1.4375,-4.125,17.1875,0,0,0,0,16,0,0,28,49,42,0,0,0,0,40,22,27,27,40,20,stomach
1533758381,-0.72,-2.81,9.19,-0.375,0.125,0.0625,1.4375,-4.125,17.1875,0,0,0,0,14,0,0,0,38,46,0,0,17,0,43,33,0,16,35,52,stomach
1533758382,-0.68,-2.84,9.24,0,0.0625,-0.0625,1.4375,-4.125,17.1875,0,0,0,0,15,41,0,11,25,35,0,0,14,0,31,56,0,22,34,82,stomach
1533758382,-0.69,-2.83,9.21,0.1875,-0.125,0.125,1.4375,-4.125,17.1875,0,0,0,0,40,0,0,12,22,35,0,0,13,0,32,75,0,18,29,36,stomach
1533758383,-0.66,-2.82,9.23,-0.125,-0.125,0.125,1.4375,-4,17.1875,0,0,0,0,0,0,0,0,0,22,0,0,0,0,0,19,0,0,14,33,stomach
1533758384,-0.69,-2.83,9.14,0,-0.0625,0.125,1.4375,-3.9375,17.375,0,0,0,0,13,0,0,12,16,24,0,0,0,0,8,63,0,1,32,34,stomach
1533758384,-0.68,-2.84,9.08,0.25,0.1875,0.1875,1.4375,-3.9375,17.375,0,0,0,0,18,0,0,11,26,55,0,0,0,0,24,68,0,0,33,39,stomach
1533758385,-0.66,-2.86,9.09,-0.0625,0.125,-0.125,1.4375,-3.9375,17.375,0,0,0,0,14,0,0,0,24,37,0,0,14,0,33,67,0,18,34,44,stomach
1533758386,-0.68,-2.86,9.22,-0.1875,-0.25,-0.125,1.4375,-3.9375,17.375,0,13,0,0,0,0,0,12,26,37,0,0,14,0,33,52,0,19,33,40,stomach
1533758386,-0.68,-2.85,9.29,0.3125,0.3125,0,1.4375,-3.9375,17.375,0,0,0,0,17,0,0,11,17,22,0,0,0,0,8,62,0,24,36,24,stomach
1533758387,-0.71,-2.87,9.13,-0.0625,-0.25,0.0625,1.4375,-3.9375,17.375,0,0,0,0,0,0,0,0,49,40,0,0,14,0,34,49,0,18,34,35,stomach
1533758388,-0.66,-2.85,9.18,-0.3125,-0.3125,-0.0625,1.4375,-3.9375,17.375,0,0,0,11,17,0,0,13,27,38,0,0,13,0,57,65,3,47,72,38,stomach
1533758388,-0.67,-2.85,9.19,0.1875,0,-0.1875,1.4375,-3.9375,17.375,0,0,0,0,17,0,0,13,27,38,0,0,15,0,34,78,0,30,48,49,stomach
1533758389,-0.68,-2.84,9.14,-0.25,0.1875,0.0625,1.4375,-3.9375,17.375,0,0,0,8,17,0,0,13,28,38,0,0,14,0,43,68,0,20,45,54,stomach
1533758389,-0.67,-2.88,9.11,0.125,-0.25,-0.125,1.4375,-3.9375,17.375,0,0,0,0,0,0,0,11,25,37,0,0,14,0,35,68,0,19,36,39,stomach
1533758390,-0.7,-2.89,9.08,-0.375,-0.4375,0,1.4375,-3.9375,17.375,0,0,0,0,16,0,0,12,28,40,0,0,15,0,38,70,0,18,72,85,stomach
1533758391,-0.72,-2.93,9.09,0.0625,0.0625,0.0625,1.4375,-3.9375,17.375,0,0,0,18,0,0,0,0,26,28,0,0,18,0,34,71,0,20,38,40,stomach
1533758391,-0.7,-2.89,9.2,0,0.0625,0,1.4375,-3.9375,17.375,0,0,0,0,15,0,0,12,27,38,0,0,16,0,24,67,0,13,15,33,stomach
1533758392,-0.71,-2.87,9.19,0.3125,-0.25,0.0625,1.4375,-3.9375,17.375,0,0,0,0,15,0,0,13,28,32,0,0,0,0,0,70,0,0,20,10,stomach
1533758393,-0.7,-2.92,9.15,0.375,0.125,-0.0625,1.4375,-3.9375,17.375,0,0,2,0,16,0,0,14,29,40,0,0,14,0,36,69,0,18,36,43,stomach
1533758393,-0.7,-2.9,9.19,-0.1875,-0.3125,0.0625,1.4375,-3.9375,17.3125,0,0,0,4,18,0,0,12,37,39,0,0,26,0,41,69,0,16,35,41,stomach
1533758394,-0.7,-2.88,9.15,0.375,-0.125,0,1.4375,-3.9375,17.3125,0,0,0,0,18,0,0,14,30,41,0,0,23,0,50,71,0,18,32,47,stomach
1533758395,-0.69,-2.91,9.2,-0.0625,-0.0625,0,1.4375,-3.9375,17.375,0,0,0,0,17,0,0,12,29,39,0,0,16,0,37,70,0,19,34,49,stomach
1533758395,-0.72,-2.9,9.09,0,0.0625,0,1.4375,-3.9375,17.375,0,0,0,0,17,0,0,15,29,40,0,0,16,0,39,69,0,18,36,41,stomach
1533758396,-0.72,-2.93,9.11,0.4375,0.125,0,1.4375,-3.9375,17.375,0,0,0,0,0,0,0,0,18,28,0,0,0,0,27,71,0,0,32,9,stomach
1533758397,-0.73,-2.95,9.08,-0.25,-0.1875,-0.0625,1.4375,-3.9375,17.3125,0,0,0,0,10,0,0,0,22,30,0,0,0,0,54,81,0,0,35,47,stomach
1533758397,-0.72,-2.87,9.06,-0.375,-0.0625,0.0625,1.4375,-3.9375,17.3125,0,0,0,0,16,25,0,13,30,40,0,0,10,0,13,59,0,0,32,24,stomach
1533758398,-0.72,-2.93,9.13,0.3125,-0.0625,0,1.4375,-3.9375,17.3125,0,0,0,0,15,0,0,13,31,40,0,0,14,0,26,70,0,4,36,31,stomach
1533758399,-0.72,-2.88,9.19,-0.125,0,-0.125,1.4375,-3.9375,17.3125,0,0,0,2,5,24,0,0,25,65,0,0,15,0,37,68,0,19,38,42,stomach
1533758399,-0.71,-2.9,9.22,-0.4375,0.0625,0.0625,1.4375,-3.9375,17.3125,0,0,0,0,15,0,0,14,30,41,0,0,17,0,39,70,0,19,37,43,stomach
1533758400,-0.71,-2.91,9.26,0.125,0.4375,0,1.4375,-3.9375,17.3125,0,0,0,7,17,0,0,14,29,41,0,0,3,0,21,69,0,2,39,16,stomach
1533758400,-0.72,-2.87,9.13,-0.3125,0,-0.0625,1.4375,-3.9375,17.375,0,0,0,10,17,0,0,11,44,53,0,0,19,0,44,75,14,20,42,22,stomach
1533758401,-0.69,-2.84,9.14,0.1875,-0.0625,0.125,1.4375,-3.9375,17.375,0,0,0,12,10,0,0,14,31,42,0,0,15,0,37,72,0,20,37,41,stomach
1533758402,-0.69,-2.82,9.15,-0.1875,0,-0.0625,1.4375,-3.9375,17.125,0,0,0,0,18,856,2,15,31,44,0,0,16,0,36,62,0,19,20,6,stomach
1533758402,-0.69,-2.78,9.1,0.0625,-0.1875,0.0625,1.4375,-3.9375,17.125,0,0,0,0,17,855,0,0,18,29,0,0,14,0,14,54,0,25,21,64,stomach
1533758403,-0.69,-2.83,9.22,0.125,0.1875,0.125,1.4375,-3.9375,17.125,0,0,0,0,15,857,0,15,0,26,0,0,0,0,25,58,0,18,21,35,stomach
1533758404,-0.7,-2.81,9.07,0,0.125,-0.125,1.4375,-3.9375,17.125,0,0,0,0,18,855,0,0,26,22,0,0,16,0,39,49,0,19,45,35,stomach
