time,accelX,accelY,accelZ,gyroX,gyroY,gyroZ,eulerX,eulerY,eulerZ,mic,FSR0,FSR1,FSR2,FSR3,FSR4,FSR5,FSR6,FSR7,FSR8,FSR9,FSR10,FSR11,FSR12,FSR13,FSR14,FSR15,FSR16,FSR17,FSR18,FSR19,ground
1543171569.7332344,-2.41,3.01,-9.03,-0.625,-0.0625,-0.25,112.375,-14.3125,-161.625,0.08,0.0,0.0,0.0,0.0,0.0,0.0,0.0,0.0,0.0,0.0,0.0,0.0,0.0,0.0,0.0,0.0,0.0,0.0,22.0,0.0,right
1543171570.3844376,-2.41,3.02,-9.03,-0.4375,2.0,0.3125,112.375,-14.3125,-161.625,0.08,0.0,0.0,0.0,0.0,1.0,0.0,0.0,0.0,0.0,0.0,0.0,0.0,0.0,0.0,0.0,0.0,0.0,0.0,21.0,0.0,right
1543171571.0312016,-2.36,3.1,-9.0,-0.25,-0.0625,-0.125,112.3125,-14.25,-161.0625,0.08,0.0,0.0,0.0,0.0,0.0,0.0,0.0,0.0,0.0,0.0,0.0,0.0,0.0,0.0,0.0,0.0,0.0,0.0,17.0,0.0,right
1543171571.6822178,-2.33,3.22,-8.81,-6.25,-0.4375,0.25,112.125,-14.1875,-160.0625,0.08,0.0,0.0,0.0,0.0,0.0,0.0,0.0,0.0,0.0,0.0,0.0,0.0,0.0,0.0,0.0,0.0,0.0,0.0,25.0,0.0,right
1543171572.333513,-2.17,5.27,-7.78,19.625,-10.875,2.25,110.125,-11.25,-146.5,0.09,0.0,0.0,0.0,0.0,0.0,0.0,0.0,0.0,0.0,0.0,0.0,0.0,0.0,2.0,0.0,0.0,0.0,0.0,30.0,0.0,right
1543171572.9810681,-2.29,3.58,-8.77,71.4375,17.125,-1.4375,111.875,-11.9375,-158.5625,0.06,0.0,0.0,0.0,0.0,0.0,0.0,0.0,0.0,0.0,0.0,0.0,0.0,0.0,0.0,0.0,0.0,0.0,0.0,0.0,0.0,right
1543171573.6287217,-2.37,3.89,-9.01,-12.0,1.0625,0.3125,111.5,-13.1875,-155.625,0.08,0.0,0.0,0.0,0.0,0.0,0.0,0.0,0.0,0.0,0.0,0.0,0.0,0.0,0.0,0.0,0.0,0.0,0.0,0.0,0.0,right
1543171574.2796745,-2.26,5.2,-7.68,-11.375,0.75,-0.0625,110.8125,-14.125,-147.3125,0.08,0.0,0.0,0.0,0.0,0.0,0.0,0.0,0.0,0.0,0.0,0.0,0.0,0.0,25.0,0.0,0.0,0.0,0.0,0.0,0.0,right
1543171574.926003,-2.39,5.05,-8.03,-0.875,1.875,0.375,110.5,-14.4375,-147.6875,0.08,0.0,0.0,0.0,0.0,0.0,0.0,0.0,0.0,0.0,0.0,0.0,0.0,0.0,0.0,0.0,0.0,0.0,0.0,12.0,0.0,right
1543171575.573727,-2.44,3.85,-8.5,14.5625,-0.1875,-0.3125,112.0625,-15.0,-156.4375,0.08,0.0,0.0,0.0,0.0,0.0,0.0,0.0,0.0,0.0,0.0,0.0,0.0,0.0,36.0,0.0,0.0,0.0,0.0,0.0,0.0,right
1543171576.224824,-2.47,3.73,-8.65,-3.25,0.25,-0.5625,112.0625,-14.8125,-156.75,0.09,0.0,0.0,0.0,0.0,0.0,0.0,0.0,0.0,0.0,0.0,0.0,0.0,0.0,39.0,0.0,0.0,0.0,0.0,0.0,0.0,right
1543171576.8761437,-2.47,3.85,-8.68,-3.125,-0.0625,0.0625,111.9375,-14.6875,-155.875,0.08,0.0,0.0,0.0,0.0,0.0,0.0,0.0,0.0,0.0,0.0,0.0,0.0,0.0,40.0,0.0,0.0,0.0,0.0,11.0,0.0,right
1543171577.5224645,-2.41,4.11,-8.52,-0.9375,0.1875,0.0625,111.6875,-14.625,-154.0,0.08,0.0,0.0,0.0,0.0,0.0,0.0,0.0,0.0,0.0,0.0,0.0,0.0,0.0,44.0,0.0,0.0,0.0,0.0,0.0,0.0,right
1543171578.1743073,-2.59,4.49,-8.3,-0.8125,1.5625,-0.125,111.25,-15.375,-151.5,0.08,0.0,0.0,0.0,0.0,0.0,0.0,0.0,0.0,0.0,0.0,0.0,0.0,0.0,39.0,0.0,0.0,0.0,0.0,11.0,0.0,right
1543171578.8259082,-2.81,4.94,-7.91,-4.875,-1.6875,-0.75,110.875,-16.5,-147.5625,0.09,0.0,0.0,0.0,0.0,0.0,0.0,0.0,0.0,0.0,0.0,0.0,0.0,0.0,35.0,0.0,0.0,0.0,0.0,0.0,0.0,right
1543171579.4725347,-2.72,4.98,-7.92,-0.0625,0.25,0.0,110.75,-16.375,-147.4375,0.08,0.0,0.0,0.0,0.0,0.0,0.0,0.0,0.0,0.0,0.0,0.0,0.0,0.0,35.0,0.0,0.0,0.0,0.0,13.0,0.0,right
1543171580.1195695,-2.63,4.91,-7.94,0.5625,0.4375,0.125,110.6875,-16.0625,-147.75,0.08,0.0,0.0,0.0,0.0,0.0,0.0,0.0,0.0,0.0,0.0,0.0,0.0,0.0,32.0,0.0,0.0,0.0,0.0,0.0,0.0,right
1543171580.7709336,-2.56,4.69,-8.1,0.5,-0.125,0.0625,110.8125,-15.5,-149.3125,0.09,0.0,0.0,0.0,0.0,0.0,0.0,0.0,0.0,0.0,0.0,0.0,0.0,0.0,29.0,0.0,0.0,0.0,0.0,0.0,0.0,right
1543171581.4175544,-2.55,4.74,-8.15,-0.25,0.0,0.125,110.8125,-15.5,-149.3125,0.09,0.0,0.0,0.0,0.0,0.0,0.0,0.0,0.0,0.0,0.0,0.0,0.0,0.0,35.0,0.0,0.0,0.0,0.0,12.0,0.0,right
1543171582.0651133,-2.53,4.74,-8.1,-0.9375,0.3125,0.125,110.8125,-15.375,-149.25,0.09,0.0,0.0,0.0,0.0,0.0,0.0,0.0,0.0,0.0,0.0,0.0,0.0,0.0,39.0,0.0,0.0,0.0,0.0,0.0,0.0,right
1543171582.716134,-2.51,4.74,-8.07,-0.3125,1.0625,0.375,110.8125,-15.3125,-149.25,0.08,0.0,0.0,0.0,0.0,0.0,0.0,0.0,0.0,0.0,0.0,0.0,0.0,0.0,38.0,0.0,0.0,0.0,0.0,0.0,0.0,right
1543171583.3676033,-2.54,4.76,-8.1,1.125,-1.3125,0.5,111.0,-15.4375,-149.4375,0.08,0.0,0.0,0.0,0.0,0.0,0.0,0.0,0.0,0.0,0.0,0.0,0.0,0.0,37.0,0.0,0.0,0.0,0.0,12.0,0.0,right
1543171584.0144358,-2.6,4.64,-8.17,0.875,-0.75,0.0625,111.1875,-15.6875,-150.375,0.08,0.0,0.0,0.0,0.0,0.0,0.0,0.0,0.0,0.0,0.0,0.0,0.0,0.0,38.0,0.0,0.0,0.0,0.0,12.0,0.0,right
1543171584.6657598,-2.59,4.58,-8.17,0.3125,-0.1875,0.125,111.25,-15.6875,-150.5,0.09,0.0,0.0,0.0,0.0,0.0,0.0,0.0,0.0,0.0,0.0,0.0,0.0,0.0,32.0,0.0,0.0,0.0,0.0,7.0,0.0,right
1543171585.312538,-2.55,4.62,-8.16,-0.25,0.0625,-0.125,111.1875,-15.625,-150.5,0.08,0.0,0.0,0.0,0.0,0.0,0.0,0.0,0.0,0.0,0.0,0.0,0.0,0.0,37.0,0.0,0.0,0.0,0.0,0.0,0.0,right
1543171585.9641778,-2.61,4.76,-8.17,-0.75,-0.875,-0.1875,111.125,-15.75,-149.8125,0.09,0.0,0.0,0.0,0.0,0.0,0.0,0.0,0.0,0.0,0.0,0.0,0.0,0.0,38.0,0.0,0.0,0.0,0.0,0.0,0.0,right
1543171586.61448,-2.56,4.71,-8.13,0.5625,-0.5625,-0.0625,111.25,-15.875,-150.0,0.08,0.0,0.0,0.0,0.0,0.0,0.0,0.0,0.0,0.0,0.0,0.0,0.0,0.0,41.0,0.0,0.0,0.0,0.0,13.0,0.0,right
1543171587.262144,-2.6,4.73,-8.11,0.5625,0.0,0.0625,111.25,-15.875,-150.0,0.08,0.0,0.0,0.0,0.0,0.0,0.0,0.0,0.0,0.0,0.0,0.0,0.0,0.0,36.0,0.0,0.0,0.0,0.0,14.0,0.0,right
1543171587.9089346,-2.6,4.73,-8.1,-0.5,0.0,-0.0625,111.25,-15.875,-150.0,0.09,0.0,0.0,0.0,0.0,0.0,0.0,0.0,0.0,0.0,0.0,0.0,0.0,0.0,40.0,0.0,0.0,0.0,0.0,13.0,0.0,right
1543171588.5564845,-2.57,4.93,-7.99,0.3125,0.0625,0.0,111.0,-15.875,-148.625,0.08,0.0,0.0,0.0,0.0,0.0,0.0,0.0,0.0,0.0,3.0,0.0,0.0,0.0,35.0,0.0,0.0,0.0,0.0,0.0,0.0,right
1543171589.2073832,-2.81,4.79,-7.98,2.6875,-1.3125,0.25,111.25,-16.75,-149.1875,0.08,0.0,0.0,0.0,0.0,0.0,0.0,0.0,0.0,0.0,0.0,0.0,0.0,0.0,24.0,0.0,0.0,0.0,0.0,11.0,0.0,right
1543171589.8549054,-2.74,4.36,-8.22,0.125,0.0,-0.125,111.6875,-16.9375,-152.25,0.09,0.0,0.0,0.0,0.0,0.0,0.0,0.0,0.0,0.0,0.0,0.0,0.0,0.0,35.0,0.0,0.0,0.0,0.0,0.0,0.0,right
1543171590.502499,-2.75,4.38,-8.26,-0.6875,0.375,0.0,111.6875,-16.9375,-152.125,0.08,0.0,0.0,0.0,0.0,0.0,0.0,0.0,0.0,0.0,0.0,0.0,0.0,0.0,22.0,0.0,0.0,0.0,0.0,0.0,0.0,right
1543171591.1536307,-2.85,4.65,-8.2,-0.3125,-0.0625,0.0625,111.5625,-17.25,-150.6875,0.08,0.0,0.0,0.0,0.0,0.0,0.0,0.0,0.0,0.0,0.0,0.0,0.0,0.0,31.0,0.0,0.0,0.0,0.0,0.0,0.0,right
1543171591.8037577,-2.75,4.55,-8.13,-0.875,-0.5,0.125,111.5,-17.125,-150.75,0.08,0.0,0.0,0.0,0.0,0.0,0.0,0.0,0.0,0.0,0.0,0.0,0.0,0.0,30.0,0.0,0.0,0.0,0.0,12.0,0.0,right
1543171592.4551735,-2.78,4.57,-8.13,-0.4375,-0.125,-0.0625,111.5,-17.1875,-150.6875,0.08,0.0,0.0,0.0,0.0,0.0,0.0,0.0,0.0,0.0,0.0,0.0,0.0,0.0,31.0,0.0,0.0,0.0,0.0,11.0,0.0,right
1543171593.0991118,-2.8,4.61,-8.12,0.25,0.25,0.0,111.5,-17.375,-150.125,0.08,0.0,0.0,0.0,0.0,0.0,0.0,0.0,0.0,0.0,0.0,0.0,0.0,0.0,17.0,0.0,0.0,0.0,0.0,0.0,0.0,right
1543171593.7453797,-2.78,4.62,-8.1,0.3125,0.375,0.0625,111.5,-17.375,-150.125,0.08,0.0,0.0,0.0,0.0,0.0,0.0,0.0,0.0,0.0,0.0,0.0,0.0,0.0,19.0,0.0,0.0,0.0,0.0,0.0,0.0,right
1543171594.396538,-2.71,4.56,-8.15,-0.625,0.1875,-0.0625,111.4375,-17.0625,-150.375,0.08,0.0,0.0,0.0,0.0,0.0,0.0,0.0,0.0,0.0,0.0,0.0,0.0,0.0,25.0,0.0,0.0,0.0,0.0,0.0,0.0,right
1543171595.0520766,-2.74,4.59,-8.19,-0.375,-0.4375,-0.0625,111.4375,-17.125,-150.5,0.08,0.0,0.0,0.0,0.0,0.0,0.0,0.0,0.0,0.0,0.0,0.0,0.0,0.0,31.0,0.0,0.0,0.0,0.0,12.0,0.0,right
1543171595.6989064,-2.73,4.6,-8.19,-0.0625,-0.1875,-0.125,111.5,-17.125,-150.5,0.08,0.0,0.0,0.0,0.0,0.0,0.0,0.0,0.0,0.0,0.0,0.0,0.0,0.0,40.0,0.0,0.0,0.0,0.0,0.0,0.0,right
1543171596.3497999,-2.69,4.55,-8.17,0.0625,0.5,-0.0625,111.5,-17.125,-150.5,0.08,0.0,0.0,0.0,0.0,0.0,0.0,0.0,0.0,0.0,0.0,0.0,0.0,0.0,33.0,0.0,0.0,0.0,0.0,0.0,0.0,right
1543171596.99754,-2.74,4.56,-8.16,0.0625,0.0,-0.0625,111.5,-17.125,-150.5,0.08,0.0,0.0,0.0,0.0,0.0,0.0,0.0,0.0,0.0,0.0,0.0,0.0,0.0,26.0,0.0,0.0,0.0,0.0,0.0,0.0,right
1543171597.643951,-2.73,4.56,-8.14,0.0625,0.0,0.125,111.5,-17.1875,-150.4375,0.08,0.0,0.0,0.0,0.0,0.0,0.0,0.0,0.0,0.0,0.0,0.0,0.0,0.0,28.0,0.0,0.0,0.0,0.0,0.0,0.0,right
1543171598.2919855,-2.74,4.59,-8.16,0.3125,-0.0625,-0.0625,111.5,-17.1875,-150.4375,0.09,0.0,0.0,0.0,0.0,0.0,0.0,0.0,0.0,0.0,0.0,0.0,0.0,0.0,22.0,0.0,0.0,0.0,0.0,0.0,0.0,right
1543171598.9437547,-2.77,4.59,-8.14,-0.0625,0.0625,-0.0625,111.4375,-17.1875,-150.4375,0.09,0.0,0.0,0.0,0.0,0.0,0.0,0.0,0.0,0.0,0.0,0.0,0.0,0.0,30.0,0.0,0.0,0.0,0.0,0.0,0.0,right
1543171599.5894814,-2.78,4.55,-8.16,0.375,-0.0625,0.0625,111.4375,-17.1875,-150.4375,0.08,0.0,0.0,0.0,0.0,1.0,0.0,0.0,0.0,0.0,0.0,0.0,0.0,0.0,33.0,0.0,0.0,0.0,0.0,0.0,0.0,right
1543171608.9933107,-0.82,0.24,-9.77,0.25,0.25,-0.125,110.125,-5.1875,-179.125,0.07,0.0,0.0,0.0,0.0,0.0,0.0,0.0,0.0,0.0,0.0,0.0,0.0,0.0,0.0,0.0,0.0,0.0,14.0,0.0,0.0,back
1543171609.6408074,-0.79,0.19,-9.76,0.125,-0.125,0.125,110.125,-5.1875,-179.3125,0.07,0.0,0.0,0.0,0.0,0.0,0.0,0.0,0.0,0.0,0.0,0.0,0.0,0.0,0.0,0.0,0.0,0.0,0.0,0.0,0.0,back
1543171610.287824,-0.75,0.01,-9.63,3.8125,-0.8125,0.125,110.0625,-5.625,179.75,0.07,0.0,0.0,0.0,0.0,0.0,0.0,0.0,0.0,0.0,0.0,0.0,0.0,0.0,0.0,0.0,0.0,0.0,0.0,0.0,0.0,back
1543171610.9388866,-0.73,-1.25,-9.78,-11.25,-0.75,1.375,109.0625,-4.4375,172.3125,0.07,0.0,0.0,0.0,0.0,0.0,0.0,0.0,0.0,0.0,0.0,0.0,0.0,0.0,0.0,0.0,0.0,0.0,8.0,0.0,0.0,back
1543171611.586597,-0.88,0.31,-9.73,-3.1875,0.1875,0.4375,110.0625,-5.625,-178.3125,0.06,0.0,0.0,0.0,0.0,0.0,0.0,0.0,0.0,0.0,0.0,0.0,0.0,0.0,0.0,0.0,0.0,0.0,0.0,0.0,0.0,back
1543171612.2291112,-1.07,0.12,-9.9,9.875,11.375,-1.125,110.0625,-5.25,-178.5,0.06,0.0,0.0,0.0,0.0,0.0,0.0,0.0,0.0,0.0,0.0,0.0,0.0,0.0,0.0,0.0,0.0,0.0,0.0,0.0,0.0,back
1543171612.880061,-0.56,-0.69,-9.93,0.0625,-3.6875,-0.125,109.1875,-4.5,175.75,0.06,0.0,0.0,0.0,0.0,0.0,0.0,0.0,0.0,0.0,0.0,0.0,0.0,19.0,0.0,0.0,0.0,0.0,0.0,0.0,0.0,back
1543171613.5278914,-0.85,0.28,-9.77,-1.75,1.9375,0.5,110.3125,-5.9375,-178.3125,0.07,0.0,0.0,0.0,0.0,0.0,0.0,0.0,0.0,0.0,0.0,0.0,0.0,0.0,0.0,0.0,0.0,0.0,16.0,0.0,0.0,back
1543171614.1741292,-0.58,0.6,-9.94,-16.125,3.5,3.3125,110.625,-3.75,-176.75,0.06,0.0,0.0,0.0,0.0,0.0,0.0,0.0,0.0,0.0,0.0,0.0,0.0,0.0,0.0,0.0,0.0,0.0,0.0,0.0,0.0,back
1543171614.821886,-0.44,1.16,-9.76,-19.1875,1.5,2.3125,110.75,-3.1875,-173.3125,0.06,0.0,0.0,0.0,0.0,0.0,0.0,0.0,0.0,0.0,0.0,0.0,0.0,0.0,0.0,0.0,0.0,0.0,0.0,0.0,0.0,back
1543171615.4695168,-0.51,1.17,-9.76,1.0625,-0.5,-0.125,110.6875,-3.4375,-172.75,0.06,0.0,0.0,0.0,0.0,0.0,0.0,0.0,0.0,0.0,0.0,0.0,0.0,0.0,0.0,0.0,0.0,0.0,0.0,0.0,0.0,back
1543171616.1206493,-0.55,0.96,-9.78,0.8125,-0.25,-0.0625,110.6875,-3.6875,-173.75,0.06,0.0,0.0,0.0,0.0,0.0,0.0,0.0,0.0,0.0,0.0,0.0,0.0,0.0,0.0,0.0,0.0,0.0,0.0,0.0,0.0,back
1543171616.7628853,-0.54,0.92,-9.76,0.0,0.0625,0.125,110.75,-3.6875,-174.125,0.06,0.0,0.0,6.0,0.0,0.0,0.0,0.0,0.0,0.0,0.0,0.0,0.0,0.0,0.0,0.0,0.0,0.0,0.0,0.0,0.0,back
1543171617.4104054,-0.5,0.92,-9.73,0.375,-0.25,0.0625,110.75,-3.625,-174.125,0.07,0.0,0.0,0.0,0.0,0.0,0.0,0.0,2.0,0.0,0.0,0.0,0.0,0.0,0.0,0.0,0.0,0.0,0.0,0.0,0.0,back
1543171618.0568428,-0.49,0.91,-9.78,0.0,-0.375,0.125,110.75,-3.6875,-174.125,0.07,0.0,0.0,0.0,0.0,0.0,0.0,0.0,0.0,0.0,0.0,0.0,0.0,0.0,0.0,0.0,0.0,0.0,2.0,0.0,0.0,back
1543171618.7044227,-0.52,0.88,-9.76,0.8125,0.25,-0.0625,110.75,-4.0,-174.0625,0.06,0.0,0.0,0.0,0.0,0.0,0.0,0.0,0.0,0.0,0.0,0.0,0.0,0.0,0.0,0.0,0.0,0.0,0.0,0.0,0.0,back
1543171619.3554525,-0.56,0.92,-9.77,-0.125,-0.4375,0.0625,110.75,-3.875,-174.1875,0.06,0.0,0.0,0.0,0.0,0.0,0.0,0.0,0.0,0.0,0.0,0.0,0.0,0.0,0.0,0.0,0.0,0.0,0.0,0.0,0.0,back
1543171620.0031695,-0.57,0.89,-9.74,0.3125,-0.125,-0.0625,110.75,-3.8125,-174.3125,0.06,0.0,0.0,7.0,0.0,0.0,0.0,0.0,0.0,0.0,0.0,0.0,0.0,0.0,0.0,0.0,0.0,0.0,0.0,0.0,0.0,back
1543171620.6542313,-0.56,0.87,-9.77,-0.1875,0.1875,-0.0625,110.75,-3.75,-174.375,0.06,0.0,0.0,18.0,0.0,0.0,0.0,0.0,0.0,0.0,0.0,0.0,0.0,0.0,0.0,0.0,0.0,0.0,0.0,0.0,0.0,back
1543171621.3018177,-0.57,0.86,-9.79,-0.125,0.125,0.0625,110.75,-3.75,-174.375,0.07,0.0,0.0,0.0,0.0,0.0,0.0,0.0,0.0,0.0,0.0,0.0,0.0,0.0,0.0,0.0,0.0,0.0,0.0,0.0,0.0,back
1543171621.948034,-0.54,0.83,-9.75,-0.0625,0.375,0.0625,110.75,-3.75,-174.375,0.06,0.0,0.0,0.0,0.0,0.0,0.0,0.0,0.0,0.0,0.0,0.0,0.0,0.0,0.0,0.0,0.0,0.0,0.0,0.0,0.0,back
1543171622.595332,-0.53,0.84,-9.75,0.1875,-0.25,-0.0625,110.75,-3.75,-174.375,0.06,0.0,0.0,0.0,0.0,0.0,0.0,0.0,0.0,0.0,0.0,0.0,0.0,0.0,0.0,0.0,0.0,0.0,0.0,0.0,0.0,back
1543171623.2463737,-0.54,0.82,-9.76,-0.0625,0.25,0.0625,110.75,-3.75,-174.375,0.07,0.0,0.0,0.0,0.0,0.0,0.0,0.0,0.0,0.0,0.0,0.0,0.0,0.0,0.0,0.0,0.0,0.0,0.0,0.0,0.0,back
1543171623.8937976,-0.56,0.79,-9.78,0.0625,0.1875,-0.25,110.75,-3.75,-174.375,0.06,0.0,0.0,0.0,0.0,0.0,0.0,0.0,0.0,0.0,0.0,0.0,0.0,0.0,0.0,0.0,0.0,0.0,0.0,0.0,0.0,back
1543171624.544887,-0.54,0.78,-9.76,-0.25,-0.4375,0.125,110.75,-3.75,-174.375,0.06,0.0,0.0,0.0,0.0,0.0,0.0,0.0,0.0,0.0,0.0,0.0,0.0,0.0,0.0,0.0,0.0,0.0,0.0,0.0,0.0,back
1543171625.1960235,-0.56,0.77,-9.78,-0.25,-0.5625,0.0625,110.75,-3.75,-174.375,0.06,0.0,0.0,0.0,0.0,0.0,0.0,0.0,0.0,0.0,0.0,0.0,0.0,0.0,0.0,0.0,0.0,0.0,0.0,0.0,0.0,back
1543171625.843376,-0.54,0.78,-9.78,0.5625,-0.0625,-0.0625,110.75,-3.75,-174.375,0.07,0.0,0.0,0.0,0.0,0.0,0.0,0.0,0.0,0.0,0.0,0.0,0.0,0.0,0.0,0.0,0.0,0.0,0.0,0.0,0.0,back
1543171626.4905794,-0.53,0.75,-9.76,-0.0625,-0.125,0.0625,110.75,-3.75,-174.375,0.07,0.0,0.0,0.0,0.0,0.0,0.0,0.0,0.0,0.0,0.0,0.0,0.0,0.0,0.0,0.0,0.0,0.0,0.0,0.0,0.0,back
1543171627.1378329,-0.55,0.76,-9.8,-0.0625,-0.0625,0.0,110.75,-3.75,-174.375,0.08,0.0,0.0,0.0,0.0,0.0,0.0,0.0,0.0,0.0,0.0,0.0,0.0,0.0,0.0,0.0,0.0,0.0,0.0,0.0,0.0,back
1543171627.785062,-0.54,0.77,-9.74,-0.1875,0.375,-0.0625,110.75,-3.75,-174.375,0.06,0.0,0.0,0.0,0.0,0.0,0.0,0.0,0.0,0.0,0.0,0.0,0.0,0.0,0.0,0.0,0.0,0.0,0.0,0.0,0.0,back
1543171628.4323876,-0.54,0.74,-9.75,-0.1875,0.1875,-0.0625,110.75,-3.75,-174.375,0.06,0.0,0.0,0.0,0.0,0.0,0.0,0.0,0.0,0.0,0.0,0.0,0.0,0.0,0.0,0.0,0.0,0.0,0.0,0.0,0.0,back
1543171629.07969,-0.54,0.74,-9.77,0.25,-0.1875,0.0,110.75,-3.625,-174.625,0.06,0.0,0.0,0.0,0.0,0.0,0.0,0.0,0.0,0.0,0.0,0.0,0.0,0.0,0.0,0.0,0.0,0.0,0.0,0.0,0.0,back
1543171629.7256253,-0.53,0.76,-9.74,-0.125,0.1875,0.125,110.75,-3.5,-174.875,0.06,0.0,0.0,0.0,0.0,0.0,0.0,0.0,0.0,0.0,0.0,0.0,0.0,0.0,0.0,0.0,0.0,0.0,0.0,0.0,0.0,back
1543171630.3690624,-0.63,0.78,-9.87,2.5625,-0.3125,-1.0625,110.75,-3.5625,-174.8125,0.07,0.0,0.0,0.0,0.0,0.0,0.0,0.0,0.0,0.0,0.0,0.0,0.0,0.0,0.0,0.0,0.0,0.0,0.0,0.0,0.0,back
1543171631.0202565,-0.73,0.75,-9.87,0.4375,-0.9375,-0.375,110.6875,-4.0625,-174.8125,0.06,0.0,0.0,0.0,0.0,0.0,0.0,0.0,0.0,0.0,0.0,0.0,0.0,0.0,0.0,0.0,0.0,0.0,0.0,0.0,0.0,back
1543171631.6680622,-0.69,0.76,-9.75,0.0625,-0.5,0.0,110.6875,-4.125,-174.8125,0.06,0.0,0.0,0.0,0.0,0.0,0.0,0.0,0.0,0.0,0.0,0.0,0.0,0.0,0.0,0.0,0.0,0.0,0.0,0.0,0.0,back
1543171632.319241,-0.7,0.74,-9.77,0.125,-0.25,0.0625,110.6875,-4.125,-174.8125,0.06,0.0,0.0,0.0,0.0,0.0,0.0,0.0,0.0,0.0,0.0,0.0,0.0,0.0,0.0,0.0,0.0,0.0,0.0,0.0,0.0,back
1543171632.9652205,-0.72,0.74,-9.77,-0.0625,0.125,-0.125,110.6875,-4.125,-174.8125,0.06,0.0,0.0,0.0,0.0,0.0,0.0,0.0,0.0,0.0,0.0,0.0,0.0,0.0,0.0,0.0,0.0,0.0,0.0,0.0,0.0,back
1543171633.6130817,-0.65,0.75,-9.73,0.0,0.0,0.0625,110.6875,-4.125,-174.8125,0.06,0.0,0.0,0.0,0.0,0.0,0.0,0.0,0.0,0.0,0.0,0.0,0.0,0.0,0.0,0.0,0.0,0.0,0.0,0.0,0.0,back
1543171634.2599928,-0.7,0.74,-9.75,-0.1875,-0.25,0.0625,110.6875,-4.125,-174.8125,0.06,0.0,0.0,0.0,0.0,0.0,0.0,0.0,0.0,0.0,0.0,0.0,0.0,0.0,0.0,0.0,0.0,0.0,0.0,0.0,0.0,back
1543171634.9064062,-0.7,0.76,-9.77,-0.3125,-0.125,0.0,110.6875,-4.125,-174.8125,0.07,0.0,0.0,0.0,0.0,0.0,0.0,0.0,0.0,0.0,0.0,0.0,0.0,0.0,0.0,0.0,0.0,0.0,0.0,0.0,0.0,back
1543171635.5504243,-0.74,0.75,-9.75,0.25,0.125,0.0625,110.6875,-4.125,-174.8125,0.07,0.0,0.0,0.0,0.0,0.0,0.0,0.0,0.0,0.0,0.0,0.0,0.0,0.0,0.0,0.0,0.0,0.0,0.0,0.0,0.0,back
1543171636.1979666,-0.7,0.73,-9.74,0.125,0.0625,-0.1875,110.6875,-4.125,-174.8125,0.06,0.0,0.0,0.0,0.0,0.0,0.0,0.0,0.0,0.0,0.0,0.0,0.0,0.0,0.0,0.0,0.0,0.0,0.0,0.0,0.0,back
1543171636.8479474,-0.68,0.73,-9.76,-0.25,-0.125,0.0,110.6875,-4.125,-174.8125,0.07,0.0,0.0,0.0,0.0,4.0,0.0,0.0,0.0,0.0,0.0,0.0,0.0,0.0,0.0,0.0,0.0,0.0,0.0,0.0,0.0,back
1543171637.4954088,-0.7,0.71,-9.76,0.25,-0.125,-0.0625,110.6875,-4.125,-174.8125,0.06,0.0,0.0,0.0,0.0,0.0,0.0,0.0,0.0,0.0,0.0,0.0,0.0,0.0,0.0,0.0,0.0,0.0,0.0,0.0,0.0,back
1543171638.1426768,-0.69,0.7,-9.75,-0.0625,0.1875,-0.0625,110.6875,-4.125,-174.8125,0.06,0.0,0.0,0.0,0.0,0.0,0.0,0.0,0.0,0.0,0.0,0.0,0.0,0.0,0.0,0.0,0.0,0.0,0.0,0.0,0.0,back
1543171638.7940059,-0.7,0.72,-9.76,0.0625,0.1875,-0.0625,110.6875,-4.125,-174.8125,0.07,0.0,0.0,0.0,0.0,0.0,0.0,0.0,0.0,0.0,0.0,0.0,0.0,0.0,0.0,0.0,0.0,0.0,0.0,0.0,0.0,back
1543171648.520627,-1.3,-2.94,-9.35,0.4375,-0.0625,-0.0625,109.625,-7.625,162.5,0.06,0.0,0.0,0.0,0.0,0.0,0.0,0.0,0.0,0.0,0.0,0.0,0.0,0.0,0.0,0.0,0.0,0.0,0.0,0.0,0.0,left
1543171649.1678846,-1.32,-2.94,-9.34,0.25,-0.25,0.0,109.625,-7.625,162.5,0.06,0.0,8.0,0.0,0.0,0.0,0.0,0.0,0.0,0.0,0.0,0.0,0.0,0.0,0.0,0.0,0.0,5.0,0.0,0.0,0.0,left
1543171649.8138306,-1.27,-2.94,-9.34,0.3125,0.0625,-0.125,109.625,-7.625,162.5625,0.06,0.0,5.0,0.0,0.0,0.0,0.0,0.0,0.0,0.0,0.0,0.0,0.0,0.0,0.0,0.0,0.0,0.0,0.0,0.0,0.0,left
1543171650.4611843,-1.29,-3.2,-9.2,8.4375,-0.0625,0.1875,109.6875,-7.5625,160.875,0.06,0.0,1.0,0.0,0.0,0.0,0.0,0.0,0.0,0.0,0.0,0.0,0.0,0.0,0.0,0.0,0.0,15.0,0.0,0.0,0.0,left
1543171651.1085846,-0.22,-4.48,-9.19,16.9375,15.0,-9.0,109.625,-4.9375,155.5625,0.05,0.0,0.0,0.0,0.0,0.0,0.0,0.0,0.0,0.0,0.0,0.0,0.0,0.0,0.0,0.0,0.0,0.0,0.0,0.0,0.0,left
1543171651.7557783,-0.94,-4.45,-8.87,2.125,-1.3125,-0.5625,111.4375,-5.625,153.0625,0.05,0.0,0.0,0.0,0.0,0.0,0.0,0.0,0.0,0.0,0.0,0.0,0.0,0.0,0.0,0.0,0.0,0.0,0.0,0.0,0.0,left
1543171652.4067414,-1.26,-4.31,-8.86,0.8125,1.0625,-0.125,111.1875,-7.125,154.0,0.06,0.0,0.0,0.0,0.0,0.0,0.0,0.0,0.0,0.0,0.0,0.0,0.0,0.0,0.0,0.0,0.0,13.0,0.0,0.0,0.0,left
1543171653.0530446,-1.29,-3.91,-9.01,2.3125,-0.375,0.0625,110.875,-7.625,156.5625,0.06,0.0,0.0,0.0,0.0,0.0,0.0,0.0,0.0,0.0,0.0,0.0,0.0,0.0,0.0,0.0,0.0,13.0,0.0,0.0,0.0,left
1543171653.7003558,-1.21,-3.74,-9.03,0.6875,0.3125,0.0,110.8125,-7.25,157.5625,0.06,0.0,1.0,0.0,0.0,0.0,0.0,0.0,0.0,0.0,0.0,0.0,0.0,0.0,0.0,0.0,0.0,0.0,0.0,0.0,0.0,left
1543171654.351829,-1.24,-3.89,-9.01,-0.5,-1.25,0.4375,110.8125,-7.25,156.875,0.06,0.0,0.0,0.0,0.0,0.0,0.0,10.0,0.0,0.0,0.0,0.0,0.0,0.0,0.0,0.0,0.0,0.0,0.0,0.0,0.0,left
1543171654.9992115,-1.22,-3.94,-8.99,0.25,0.25,-0.0625,110.8125,-7.375,156.6875,0.06,0.0,0.0,0.0,0.0,0.0,0.0,0.0,0.0,0.0,0.0,0.0,0.0,0.0,0.0,0.0,0.0,14.0,0.0,0.0,0.0,left
1543171655.637876,-1.24,-3.93,-8.96,0.3125,0.375,0.0,110.875,-7.25,156.625,0.05,0.0,0.0,0.0,0.0,0.0,0.0,0.0,0.0,0.0,0.0,0.0,0.0,0.0,0.0,0.0,0.0,0.0,0.0,0.0,0.0,left
1543171656.2887397,-1.2,-3.94,-8.97,-0.375,-0.5,0.125,110.875,-7.3125,156.5625,0.06,0.0,0.0,0.0,0.0,0.0,0.0,0.0,0.0,0.0,0.0,0.0,0.0,0.0,0.0,0.0,0.0,0.0,0.0,0.0,0.0,left
1543171656.9324815,-1.22,-3.96,-8.93,0.3125,-0.1875,-0.125,110.875,-7.3125,156.4375,0.06,0.0,0.0,0.0,0.0,0.0,0.0,0.0,0.0,0.0,0.0,0.0,0.0,0.0,0.0,0.0,0.0,0.0,0.0,0.0,0.0,left
1543171657.5822968,-1.22,-4.0,-8.93,0.5,0.4375,0.0,110.875,-7.3125,156.3125,0.06,0.0,0.0,0.0,0.0,0.0,0.0,0.0,0.0,0.0,0.0,0.0,0.0,0.0,0.0,0.0,0.0,0.0,0.0,0.0,0.0,left
1543171658.2299318,-1.19,-4.04,-8.88,-0.375,0.5,-0.25,110.875,-7.3125,156.3125,0.06,0.0,0.0,0.0,0.0,0.0,0.0,0.0,0.0,0.0,0.0,0.0,0.0,0.0,0.0,0.0,0.0,13.0,7.0,0.0,0.0,left
1543171658.8733573,-1.21,-4.03,-8.9,0.1875,0.0,0.1875,110.875,-7.3125,156.3125,0.05,0.0,0.0,0.0,0.0,0.0,0.0,0.0,0.0,0.0,0.0,0.0,0.0,0.0,0.0,0.0,0.0,0.0,0.0,0.0,0.0,left
1543171659.5195227,-1.2,-4.06,-8.82,-0.9375,0.0,0.0,110.875,-7.375,156.5,0.06,0.0,0.0,0.0,0.0,0.0,0.0,0.0,0.0,0.0,0.0,0.0,0.0,0.0,0.0,0.0,0.0,0.0,0.0,0.0,0.0,left
1543171660.1708684,-1.24,-3.99,-8.9,-0.3125,-0.1875,0.5,110.8125,-7.3125,156.75,0.06,0.0,0.0,0.0,0.0,0.0,0.0,0.0,0.0,0.0,0.0,0.0,0.0,0.0,0.0,0.0,0.0,0.0,0.0,0.0,0.0,left
1543171660.8183758,-1.22,-4.05,-8.89,0.1875,0.3125,-0.125,110.8125,-7.25,156.5625,0.06,0.0,2.0,0.0,0.0,0.0,0.0,0.0,0.0,0.0,0.0,0.0,0.0,0.0,0.0,0.0,0.0,14.0,0.0,0.0,0.0,left
1543171661.4657845,-1.22,-4.02,-8.9,-0.6875,-0.4375,0.0,110.75,-7.25,156.5,0.05,0.0,0.0,0.0,0.0,0.0,0.0,0.0,0.0,0.0,0.0,0.0,0.0,0.0,0.0,0.0,0.0,0.0,0.0,0.0,0.0,left
1543171662.112166,-1.2,-4.02,-8.92,0.0,0.125,0.0,110.75,-7.25,156.5,0.06,0.0,0.0,0.0,0.0,0.0,0.0,13.0,0.0,0.0,0.0,0.0,0.0,0.0,0.0,0.0,0.0,0.0,0.0,0.0,0.0,left
1543171662.7557466,-1.21,-4.02,-8.91,0.3125,0.125,0.125,110.75,-7.25,156.4375,0.05,0.0,0.0,0.0,0.0,0.0,0.0,0.0,0.0,0.0,0.0,0.0,0.0,0.0,0.0,0.0,0.0,0.0,0.0,0.0,0.0,left
1543171663.406917,-1.25,-4.01,-8.93,-0.0625,-0.0625,-0.0625,110.75,-7.25,156.4375,0.06,0.0,0.0,0.0,0.0,0.0,0.0,0.0,0.0,0.0,0.0,0.0,0.0,0.0,0.0,0.0,0.0,13.0,0.0,0.0,0.0,left
1543171664.0541222,-1.24,-4.03,-8.9,0.125,0.1875,0.125,110.75,-7.25,156.4375,0.06,0.0,0.0,0.0,0.0,0.0,0.0,0.0,0.0,0.0,0.0,0.0,0.0,0.0,0.0,0.0,0.0,0.0,0.0,0.0,0.0,left
1543171664.700395,-1.24,-4.04,-8.9,0.125,0.5625,-0.125,110.75,-7.25,156.4375,0.05,0.0,0.0,0.0,0.0,0.0,0.0,0.0,0.0,0.0,0.0,0.0,0.0,0.0,0.0,0.0,0.0,14.0,0.0,0.0,0.0,left
1543171665.3515847,-1.27,-4.06,-8.89,-0.5,-0.0625,-0.1875,110.75,-7.25,156.4375,0.05,0.0,0.0,0.0,0.0,0.0,0.0,0.0,0.0,0.0,0.0,0.0,0.0,0.0,0.0,0.0,0.0,18.0,0.0,0.0,0.0,left
1543171665.9991286,-1.27,-4.05,-8.91,-0.1875,-0.4375,0.125,110.75,-7.3125,156.375,0.05,0.0,0.0,0.0,0.0,0.0,0.0,0.0,0.0,0.0,0.0,0.0,0.0,0.0,0.0,0.0,0.0,0.0,0.0,0.0,0.0,left
1543171666.649923,-1.3,-4.1,-8.87,0.125,0.125,0.0625,110.75,-7.375,156.125,0.05,0.0,0.0,0.0,0.0,0.0,0.0,0.0,0.0,0.0,0.0,0.0,0.0,0.0,0.0,0.0,0.0,16.0,0.0,0.0,0.0,left
1543171667.2973995,-1.28,-4.09,-8.82,0.625,0.0,0.125,110.75,-7.375,156.0625,0.06,0.0,0.0,0.0,0.0,0.0,0.0,0.0,0.0,0.0,0.0,0.0,0.0,0.0,0.0,0.0,0.0,17.0,0.0,0.0,0.0,left
1543171667.9448493,-1.3,-4.11,-8.89,0.5625,0.0,0.1875,110.75,-7.375,156.1875,0.06,0.0,0.0,0.0,0.0,0.0,0.0,0.0,0.0,0.0,0.0,0.0,0.0,0.0,0.0,0.0,0.0,0.0,0.0,0.0,0.0,left
1543171668.5999272,-1.3,-4.14,-8.84,0.1875,-0.25,0.125,110.75,-7.375,156.1875,0.06,0.0,0.0,0.0,0.0,0.0,0.0,14.0,0.0,0.0,0.0,0.0,0.0,0.0,0.0,0.0,0.0,9.0,0.0,0.0,0.0,left
1543171669.2502244,-1.27,-4.12,-8.86,-0.5,-0.4375,0.1875,110.75,-7.4375,155.875,0.06,0.0,0.0,0.0,0.0,0.0,0.0,0.0,0.0,0.0,0.0,0.0,0.0,0.0,0.0,0.0,0.0,10.0,0.0,0.0,0.0,left
1543171669.9015453,-1.31,-4.13,-8.86,-1.25,-0.5625,0.25,110.6875,-7.5625,155.8125,0.06,0.0,0.0,0.0,0.0,0.0,0.0,0.0,0.0,0.0,0.0,0.0,0.0,0.0,0.0,0.0,0.0,2.0,0.0,0.0,0.0,left
1543171670.556514,-1.3,-4.13,-8.85,-0.0625,-0.1875,0.0,110.6875,-7.5625,155.875,0.06,0.0,6.0,0.0,0.0,0.0,0.0,0.0,0.0,0.0,0.0,0.0,0.0,0.0,0.0,0.0,0.0,0.0,0.0,0.0,0.0,left
1543171671.2043977,-1.29,-4.12,-8.86,0.125,0.5625,-0.0625,110.6875,-7.5,155.875,0.06,0.0,0.0,0.0,0.0,0.0,0.0,15.0,0.0,0.0,0.0,0.0,0.0,0.0,0.0,0.0,0.0,0.0,0.0,0.0,0.0,left
1543171671.8558357,-1.3,-4.14,-8.9,-0.25,-0.625,0.5,110.6875,-7.5625,156.0625,0.07,0.0,7.0,0.0,0.0,0.0,0.0,15.0,0.0,0.0,0.0,0.0,0.0,0.0,0.0,0.0,0.0,0.0,0.0,0.0,0.0,left
1543171672.506398,-1.25,-4.11,-8.87,-0.125,-0.25,0.1875,110.6875,-7.5625,155.75,0.06,0.0,4.0,0.0,0.0,0.0,0.0,13.0,0.0,0.0,0.0,0.0,0.0,0.0,0.0,0.0,0.0,0.0,0.0,0.0,0.0,left
1543171673.1534538,-1.29,-4.14,-8.85,-0.1875,-0.4375,0.125,110.625,-7.625,155.6875,0.06,0.0,0.0,0.0,0.0,0.0,0.0,14.0,0.0,0.0,0.0,0.0,0.0,0.0,0.0,0.0,0.0,0.0,0.0,0.0,0.0,left
1543171673.8007903,-1.3,-4.04,-8.89,0.0625,0.0625,0.0625,110.625,-7.75,155.9375,0.06,0.0,4.0,0.0,0.0,0.0,0.0,0.0,0.0,0.0,0.0,0.0,0.0,0.0,0.0,0.0,0.0,0.0,0.0,0.0,0.0,left
1543171674.4521284,-1.29,-4.08,-8.81,-0.4375,-0.25,0.0,110.625,-7.75,155.9375,0.06,0.0,5.0,0.0,0.0,0.0,0.0,0.0,0.0,0.0,0.0,0.0,0.0,0.0,0.0,0.0,0.0,0.0,0.0,0.0,0.0,left
1543171675.0986676,-1.29,-4.12,-8.88,0.25,-0.125,0.0,110.625,-7.6875,155.9375,0.06,0.0,0.0,0.0,0.0,0.0,0.0,0.0,0.0,0.0,0.0,0.0,0.0,0.0,0.0,0.0,0.0,0.0,0.0,0.0,0.0,left
1543171675.7461064,-1.3,-4.08,-8.82,2.25,0.5625,0.0625,110.625,-7.6875,155.9375,0.06,0.0,0.0,0.0,0.0,0.0,0.0,0.0,0.0,0.0,0.0,0.0,0.0,0.0,0.0,0.0,0.0,0.0,0.0,0.0,0.0,left
1543171676.3973298,-1.34,-4.15,-8.83,-1.0,0.3125,-0.3125,110.625,-8.0,155.4375,0.07,0.0,0.0,0.0,0.0,0.0,0.0,0.0,0.0,0.0,0.0,0.0,0.0,0.0,0.0,0.0,0.0,0.0,0.0,0.0,0.0,left
1543171677.0439289,-1.25,-4.23,-8.79,3.3125,-1.5,0.9375,110.8125,-7.875,154.9375,0.06,0.0,0.0,0.0,0.0,0.0,0.0,0.0,0.0,0.0,0.0,0.0,0.0,0.0,0.0,0.0,0.0,13.0,0.0,0.0,0.0,left
1543171677.6913135,-1.37,-4.27,-8.75,0.125,1.625,-0.6875,110.875,-8.5,154.4375,0.06,0.0,0.0,0.0,0.0,0.0,0.0,0.0,0.0,0.0,0.0,0.0,0.0,0.0,0.0,0.0,0.0,16.0,0.0,0.0,0.0,left
1543171678.342543,-1.31,-4.16,-8.79,-2.375,0.4375,-0.3125,110.75,-8.125,155.5,0.06,0.0,0.0,0.0,0.0,0.0,0.0,7.0,0.0,0.0,0.0,0.0,0.0,0.0,0.0,0.0,0.0,0.0,0.0,0.0,0.0,left
1543171687.7498178,0.53,0.08,-9.89,13.1875,-2.5625,-0.3125,113.3125,3.125,-178.6875,0.07,0.0,0.0,0.0,0.0,0.0,0.0,0.0,0.0,0.0,0.0,0.0,0.0,0.0,0.0,0.0,0.0,0.0,0.0,0.0,0.0,stomach
1543171688.400726,0.62,0.36,-9.79,-0.6875,-0.375,0.0625,113.375,3.0,-177.4375,0.08,0.0,0.0,0.0,0.0,0.0,0.0,0.0,0.0,0.0,0.0,0.0,0.0,0.0,0.0,0.0,0.0,0.0,0.0,0.0,0.0,stomach
1543171689.043594,0.6,0.44,-9.78,0.3125,-0.0625,-0.1875,113.375,3.0625,-177.25,0.07,0.0,0.0,0.0,0.0,0.0,0.0,0.0,0.0,0.0,0.0,0.0,0.0,0.0,0.0,0.0,0.0,0.0,0.0,0.0,0.0,stomach
1543171689.686809,0.57,0.32,-9.82,-0.5,-0.5625,0.125,113.3125,3.0,-177.875,0.08,0.0,0.0,0.0,0.0,0.0,0.0,0.0,0.0,0.0,0.0,0.0,0.0,0.0,0.0,0.0,0.0,0.0,0.0,0.0,0.0,stomach
1543171690.3342514,0.56,0.41,-9.74,-0.1875,-0.5,0.0625,113.3125,3.0,-177.8125,0.08,0.0,0.0,0.0,0.0,0.0,0.0,0.0,0.0,0.0,0.0,0.0,0.0,0.0,0.0,0.0,0.0,0.0,0.0,0.0,0.0,stomach
1543171690.9812536,0.57,0.39,-9.72,-0.5625,0.3125,0.125,113.3125,2.875,-178.125,0.07,0.0,0.0,0.0,0.0,0.0,0.0,0.0,2.0,0.0,0.0,0.0,0.0,0.0,0.0,0.0,0.0,0.0,0.0,0.0,0.0,stomach
1543171691.6234539,0.43,0.36,-9.91,1.375,-1.8125,0.0,113.3125,2.375,-178.0625,0.07,0.0,0.0,0.0,0.0,0.0,0.0,0.0,0.0,0.0,0.0,0.0,0.0,0.0,0.0,0.0,0.0,0.0,0.0,0.0,0.0,stomach
1543171692.2669973,0.44,0.46,-9.83,0.25,-0.1875,0.375,113.3125,2.375,-177.9375,0.08,0.0,0.0,0.0,0.0,0.0,0.0,0.0,0.0,0.0,0.0,0.0,0.0,0.0,0.0,0.0,0.0,0.0,0.0,0.0,0.0,stomach
1543171692.910579,0.45,0.48,-9.85,1.5625,-0.25,-0.25,113.3125,2.4375,-178.125,0.07,0.0,0.0,0.0,0.0,0.0,0.0,0.0,0.0,0.0,0.0,0.0,0.0,0.0,0.0,0.0,0.0,0.0,0.0,0.0,1.0,stomach
1543171693.5561833,0.23,-0.08,-9.84,7.6875,8.125,0.4375,113.0625,0.875,178.125,0.08,0.0,0.0,0.0,0.0,0.0,0.0,0.0,0.0,0.0,0.0,0.0,0.0,0.0,0.0,0.0,0.0,0.0,0.0,0.0,0.0,stomach
1543171694.1999178,1.61,-0.15,-9.61,-3.25,19.8125,-3.3125,111.9375,6.5625,177.375,0.07,0.0,0.0,0.0,0.0,0.0,0.0,0.0,0.0,0.0,0.0,0.0,0.0,0.0,0.0,0.0,0.0,0.0,0.0,0.0,0.0,stomach
1543171694.851361,1.73,-1.63,-9.57,-31.0625,-15.875,4.75,110.75,10.5,169.375,0.07,0.0,0.0,14.0,0.0,0.0,0.0,0.0,0.0,0.0,0.0,0.0,0.0,0.0,0.0,0.0,0.0,0.0,0.0,0.0,0.0,stomach
1543171695.4938128,0.69,-0.9,-9.74,0.1875,0.0,0.125,111.4375,4.3125,173.8125,0.08,0.0,0.0,19.0,0.0,0.0,0.0,0.0,0.0,0.0,0.0,0.0,0.0,0.0,0.0,0.0,0.0,0.0,0.0,0.0,0.0,stomach
1543171696.1377673,0.51,-0.82,-9.82,-0.375,0.6875,0.0625,111.5625,3.3125,174.375,0.08,0.0,0.0,34.0,0.0,0.0,0.0,0.0,0.0,0.0,0.0,0.0,0.0,0.0,0.0,0.0,0.0,0.0,0.0,0.0,0.0,stomach
1543171696.7836256,0.74,-0.6,-9.83,-0.3125,0.0,0.125,111.625,4.4375,175.3125,0.07,0.0,0.0,32.0,0.0,0.0,0.0,0.0,0.0,0.0,0.0,0.0,0.0,0.0,0.0,0.0,0.0,0.0,0.0,0.0,0.0,stomach
1543171697.4269733,0.74,-0.68,-9.81,1.875,0.625,0.25,111.625,4.4375,174.875,0.07,0.0,0.0,9.0,0.0,0.0,0.0,0.0,0.0,0.0,0.0,0.0,0.0,0.0,0.0,0.0,0.0,0.0,0.0,0.0,0.0,stomach
1543171698.070576,0.7,-0.72,-9.76,0.9375,0.125,-0.125,111.5625,4.5625,174.625,0.07,0.0,0.0,14.0,0.0,0.0,0.0,0.0,0.0,0.0,0.0,0.0,0.0,0.0,0.0,0.0,0.0,0.0,0.0,0.0,0.0,stomach
1543171698.7171202,0.87,-0.61,-9.71,-7.9375,4.4375,-0.5625,111.625,5.0625,175.0625,0.07,0.0,0.0,22.0,0.0,0.0,0.0,0.0,0.0,0.0,0.0,0.0,0.0,0.0,0.0,0.0,0.0,0.0,0.0,13.0,0.0,stomach
1543171699.365026,1.69,0.66,-9.47,-4.125,-2.4375,-3.0,111.25,10.125,-178.3125,0.06,0.0,0.0,16.0,0.0,0.0,0.0,0.0,18.0,0.0,0.0,0.0,0.0,0.0,0.0,0.0,0.0,0.0,0.0,0.0,0.0,stomach
1543171700.011434,1.67,0.33,-9.7,1.25,-1.875,0.3125,110.8125,10.0625,-178.9375,0.07,0.0,0.0,10.0,0.0,0.0,0.0,0.0,10.0,0.0,0.0,0.0,0.0,0.0,0.0,0.0,0.0,0.0,0.0,0.0,0.0,stomach
1543171700.6589713,1.61,0.24,-9.74,0.8125,-0.5625,0.125,110.75,9.8125,-179.375,0.07,0.0,0.0,38.0,0.0,0.0,0.0,0.0,17.0,0.0,0.0,0.0,0.0,0.0,0.0,0.0,0.0,0.0,0.0,0.0,0.0,stomach
1543171701.3013756,1.61,0.19,-9.73,1.25,-0.4375,-0.1875,110.6875,9.875,-179.5625,0.07,0.0,0.0,42.0,0.0,0.0,0.0,0.0,18.0,0.0,0.0,0.0,0.0,0.0,0.0,0.0,0.0,0.0,0.0,0.0,0.0,stomach
1543171701.9488118,1.54,0.15,-9.75,-2.0,1.75,0.25,110.5625,9.5625,179.75,0.07,0.0,0.0,19.0,0.0,0.0,0.0,0.0,19.0,0.0,0.0,0.0,0.0,0.0,0.0,0.0,0.0,0.0,0.0,0.0,0.0,stomach
1543171702.5872548,1.57,0.14,-9.76,0.5,0.25,0.0625,110.5625,9.5,179.6875,0.07,0.0,0.0,21.0,0.0,0.0,0.0,4.0,32.0,0.0,0.0,0.0,0.0,0.0,0.0,0.0,0.0,0.0,0.0,0.0,0.0,stomach
1543171703.2256794,1.56,0.16,-9.69,0.1875,0.4375,0.125,110.5,9.375,179.875,0.07,0.0,0.0,26.0,0.0,0.0,0.0,0.0,19.0,0.0,0.0,0.0,0.0,0.0,0.0,0.0,0.0,0.0,0.0,0.0,0.0,stomach
1543171703.8658228,1.52,0.14,-9.79,1.1875,0.25,0.125,110.4375,8.875,-179.9375,0.07,0.0,0.0,31.0,0.0,0.0,0.0,0.0,16.0,0.0,0.0,0.0,0.0,0.0,0.0,0.0,0.0,0.0,0.0,0.0,0.0,stomach
1543171704.5045567,1.42,0.1,-9.75,0.25,0.8125,0.0,110.4375,8.8125,179.9375,0.07,0.0,0.0,11.0,0.0,0.0,0.0,0.0,8.0,0.0,0.0,0.0,0.0,0.0,0.0,0.0,0.0,0.0,0.0,0.0,0.0,stomach
1543171705.1505852,1.42,0.12,-9.78,0.125,0.3125,-0.0625,110.4375,8.875,179.9375,0.07,0.0,0.0,15.0,0.0,0.0,0.0,0.0,18.0,0.0,0.0,0.0,0.0,0.0,0.0,0.0,0.0,0.0,0.0,0.0,0.0,stomach
1543171705.794244,1.47,0.12,-9.73,0.25,-0.1875,-0.0625,110.4375,8.875,179.9375,0.07,0.0,0.0,32.0,0.0,0.0,0.0,0.0,13.0,0.0,0.0,0.0,0.0,0.0,0.0,0.0,0.0,0.0,0.0,0.0,0.0,stomach
1543171706.4369116,1.48,0.13,-9.77,0.125,-0.0625,0.0,110.4375,8.8125,179.9375,0.08,0.0,0.0,26.0,0.0,0.0,0.0,0.0,11.0,0.0,0.0,0.0,0.0,0.0,0.0,0.0,0.0,0.0,0.0,0.0,0.0,stomach
1543171707.0803459,1.49,0.12,-9.73,-0.25,0.5625,-0.0625,110.4375,8.8125,179.875,0.07,0.0,0.0,24.0,0.0,0.0,0.0,0.0,19.0,0.0,0.0,0.0,0.0,0.0,0.0,0.0,0.0,0.0,0.0,0.0,0.0,stomach
1543171707.7228978,1.52,0.14,-9.75,-0.125,-0.6875,0.0,110.4375,8.8125,179.875,0.08,0.0,0.0,35.0,0.0,0.0,0.0,0.0,14.0,0.0,0.0,0.0,0.0,0.0,0.0,0.0,0.0,0.0,0.0,0.0,0.0,stomach
1543171708.3663387,1.48,0.1,-9.75,-0.125,-0.1875,-0.1875,110.4375,8.875,179.875,0.07,0.0,0.0,32.0,0.0,0.0,0.0,0.0,16.0,0.0,0.0,0.0,0.0,0.0,0.0,0.0,0.0,0.0,0.0,4.0,0.0,stomach
1543171709.0132716,1.47,0.12,-9.71,0.125,-0.125,0.0625,110.4375,8.8125,179.875,0.07,0.0,0.0,23.0,0.0,3.0,0.0,0.0,14.0,0.0,0.0,0.0,0.0,0.0,0.0,0.0,0.0,0.0,0.0,0.0,0.0,stomach
1543171709.651797,1.51,0.11,-9.69,0.25,-0.625,0.0,110.4375,8.75,179.875,0.08,0.0,0.0,36.0,0.0,0.0,0.0,0.0,0.0,0.0,0.0,0.0,0.0,0.0,0.0,0.0,0.0,0.0,0.0,0.0,0.0,stomach
1543171710.298764,1.47,0.1,-9.73,0.0,0.1875,-0.0625,110.4375,8.6875,179.875,0.07,0.0,0.0,32.0,0.0,0.0,0.0,0.0,18.0,0.0,0.0,0.0,0.0,0.0,0.0,0.0,0.0,0.0,0.0,0.0,0.0,stomach
1543171710.938566,1.51,0.13,-9.71,0.0,0.125,-0.0625,110.4375,8.6875,179.875,0.07,0.0,0.0,31.0,0.0,0.0,0.0,0.0,19.0,0.0,0.0,0.0,0.0,0.0,0.0,0.0,0.0,0.0,0.0,0.0,0.0,stomach
1543171711.5857663,1.51,0.15,-9.75,-0.0625,0.125,-0.0625,110.4375,8.625,179.875,0.07,0.0,0.0,34.0,0.0,0.0,0.0,0.0,20.0,0.0,0.0,0.0,0.0,0.0,0.0,0.0,0.0,0.0,0.0,0.0,0.0,stomach
1543171712.2280216,1.46,0.13,-9.71,0.375,-0.3125,-0.0625,110.4375,8.5625,179.875,0.07,0.0,0.0,28.0,0.0,0.0,0.0,0.0,17.0,0.0,0.0,0.0,0.0,0.0,0.0,0.0,0.0,0.0,0.0,0.0,0.0,stomach
1543171712.8718076,1.5,0.13,-9.74,-0.1875,-0.25,0.125,110.4375,8.625,179.875,0.07,0.0,0.0,30.0,0.0,0.0,0.0,0.0,18.0,0.0,0.0,0.0,0.0,0.0,0.0,0.0,0.0,0.0,0.0,0.0,0.0,stomach
1543171713.5142224,1.5,0.14,-9.73,0.0,0.0625,-0.0625,110.4375,8.625,179.875,0.07,0.0,0.0,26.0,0.0,0.0,0.0,0.0,19.0,0.0,9.0,0.0,0.0,0.0,0.0,0.0,0.0,0.0,0.0,0.0,0.0,stomach
1543171714.157559,1.5,0.14,-9.78,0.0625,0.1875,0.0625,110.4375,8.5625,179.875,0.07,0.0,0.0,23.0,0.0,0.0,0.0,0.0,20.0,0.0,0.0,0.0,0.0,0.0,0.0,0.0,0.0,0.0,0.0,0.0,0.0,stomach
1543171714.8048186,1.46,0.11,-9.79,-0.125,-0.0625,-0.0625,110.4375,8.625,179.9375,0.07,0.0,0.0,32.0,0.0,0.0,0.0,0.0,21.0,0.0,0.0,0.0,0.0,0.0,0.0,0.0,0.0,0.0,0.0,0.0,0.0,stomach
1543171715.4466903,1.5,0.13,-9.72,0.0625,0.3125,0.0625,110.4375,8.5625,179.9375,0.07,0.0,0.0,34.0,0.0,0.0,0.0,0.0,21.0,0.0,0.0,0.0,0.0,0.0,0.0,0.0,0.0,0.0,0.0,0.0,0.0,stomach
1543171716.086594,1.5,0.13,-9.74,0.125,-0.0625,0.0,110.4375,8.5625,179.9375,0.07,0.0,0.0,18.0,0.0,0.0,0.0,0.0,19.0,0.0,0.0,0.0,0.0,0.0,0.0,0.0,0.0,0.0,0.0,0.0,0.0,stomach
1543171716.7248156,1.48,0.14,-9.74,0.125,-0.25,0.25,110.4375,8.5625,179.9375,0.07,0.0,0.0,23.0,0.0,0.0,0.0,0.0,0.0,0.0,0.0,0.0,0.0,0.0,0.0,0.0,0.0,0.0,0.0,0.0,0.0,stomach
1543171717.368167,1.5,0.14,-9.72,-0.1875,-0.125,0.0625,110.4375,8.5625,179.9375,0.07,0.0,0.0,43.0,0.0,0.0,0.0,0.0,0.0,0.0,0.0,0.0,0.0,0.0,0.0,0.0,0.0,0.0,0.0,0.0,0.0,stomach
1543171727.1028106,-1.89,-0.94,-9.64,-0.1875,0.0625,0.0625,112.0625,-10.6875,174.5625,0.05,0.0,0.0,0.0,0.0,0.0,0.0,0.0,0.0,0.0,0.0,0.0,0.0,0.0,0.0,0.0,0.0,0.0,0.0,0.0,0.0,off
1543171727.7542307,-1.89,-0.94,-9.62,0.125,0.0,0.0,112.0625,-10.6875,174.5625,0.05,0.0,0.0,0.0,0.0,0.0,0.0,0.0,0.0,0.0,0.0,0.0,0.0,0.0,0.0,0.0,0.0,0.0,0.0,0.0,0.0,off
1543171728.4018843,-1.9,-0.94,-9.61,0.0,0.125,0.0625,112.0625,-10.6875,174.5625,0.05,0.0,0.0,0.0,0.0,0.0,0.0,0.0,0.0,0.0,0.0,0.0,0.0,0.0,0.0,0.0,0.0,0.0,0.0,0.0,0.0,off
1543171729.0531774,-1.93,-0.94,-9.66,-0.125,0.125,0.0,112.0625,-10.6875,174.5625,0.05,0.0,0.0,0.0,0.0,0.0,0.0,0.0,0.0,0.0,0.0,0.0,0.0,0.0,0.0,0.0,0.0,0.0,0.0,0.0,0.0,off
1543171729.7004976,-1.9,-0.93,-9.61,-0.125,0.0625,0.0625,112.0625,-10.6875,174.5625,0.05,0.0,0.0,0.0,0.0,0.0,0.0,0.0,0.0,0.0,0.0,0.0,0.0,0.0,0.0,0.0,0.0,0.0,0.0,0.0,0.0,off
1543171730.3509586,-1.88,-0.93,-9.62,-0.25,-0.125,0.0625,112.0625,-10.6875,174.5625,0.05,0.0,0.0,0.0,0.0,0.0,0.0,0.0,0.0,0.0,0.0,0.0,0.0,0.0,0.0,0.0,0.0,0.0,0.0,0.0,0.0,off
1543171730.9979715,-1.84,-0.94,-9.65,0.0625,0.0,0.0,112.0625,-10.6875,174.5625,0.05,0.0,0.0,0.0,0.0,0.0,0.0,0.0,0.0,0.0,0.0,0.0,0.0,0.0,0.0,0.0,0.0,0.0,0.0,0.0,0.0,off
1543171731.649054,-1.91,-1.05,-9.52,0.6875,-0.1875,0.0625,112.0625,-10.8125,174.5625,0.05,0.0,0.0,0.0,0.0,0.0,0.0,0.0,0.0,0.0,0.0,0.0,0.0,0.0,0.0,0.0,0.0,0.0,0.0,0.0,0.0,off
1543171732.3002212,-1.92,-1.3,-9.51,1.6875,2.9375,-0.625,111.9375,-10.9375,173.875,0.05,0.0,0.0,0.0,0.0,0.0,0.0,0.0,0.0,0.0,0.0,0.0,0.0,0.0,0.0,0.0,0.0,0.0,0.0,0.0,0.0,off
1543171732.952061,-1.91,-1.14,-9.7,-1.0625,0.5625,-0.25,112.0,-10.875,173.9375,0.05,0.0,0.0,0.0,0.0,0.0,0.0,0.0,0.0,0.0,0.0,0.0,0.0,0.0,0.0,0.0,0.0,0.0,0.0,0.0,0.0,off
1543171733.607223,-1.98,-1.06,-9.56,-0.25,0.0625,-0.1875,112.0,-10.9375,173.9375,0.05,0.0,0.0,0.0,0.0,0.0,0.0,0.0,0.0,0.0,0.0,0.0,0.0,0.0,0.0,0.0,0.0,0.0,0.0,0.0,0.0,off
1543171734.262236,-2.07,-1.03,-9.59,1.375,-0.125,-0.1875,112.0,-10.875,174.0,0.05,0.0,0.0,0.0,0.0,0.0,0.0,0.0,0.0,0.0,0.0,0.0,0.0,0.0,0.0,0.0,0.0,0.0,0.0,0.0,0.0,off
1543171734.9141157,-1.9,-1.08,-9.61,-0.1875,0.1875,-0.0625,112.0,-10.9375,173.8125,0.05,0.0,0.0,0.0,0.0,0.0,0.0,0.0,0.0,0.0,0.0,0.0,0.0,0.0,0.0,0.0,0.0,0.0,0.0,0.0,0.0,off
1543171735.5654807,-1.79,-1.07,-9.65,-0.0625,-0.375,0.0,111.9375,-10.9375,173.875,0.05,0.0,0.0,0.0,0.0,0.0,0.0,0.0,0.0,0.0,0.0,0.0,0.0,0.0,0.0,0.0,0.0,0.0,0.0,0.0,0.0,off
1543171736.2152581,-1.88,-1.07,-9.62,-0.125,-0.125,-0.1875,111.9375,-10.9375,173.875,0.05,0.0,0.0,0.0,0.0,0.0,0.0,0.0,0.0,0.0,0.0,0.0,0.0,0.0,0.0,0.0,0.0,0.0,0.0,0.0,0.0,off
1543171736.8667908,-1.93,-1.08,-9.61,0.0,0.125,-0.0625,111.9375,-10.9375,173.875,0.05,0.0,0.0,0.0,0.0,0.0,0.0,0.0,0.0,0.0,0.0,0.0,0.0,0.0,0.0,0.0,0.0,0.0,0.0,0.0,0.0,off
1543171737.5182421,-1.91,-1.05,-9.61,0.0625,-0.0625,0.0,111.9375,-10.9375,173.875,0.05,0.0,0.0,0.0,0.0,0.0,0.0,0.0,0.0,0.0,0.0,0.0,0.0,0.0,0.0,0.0,0.0,0.0,0.0,0.0,0.0,off
1543171738.1696146,-1.89,-1.07,-9.63,0.0,0.0625,-0.125,111.9375,-10.9375,173.875,0.05,0.0,0.0,0.0,0.0,0.0,0.0,0.0,0.0,0.0,0.0,0.0,0.0,0.0,0.0,0.0,0.0,0.0,0.0,0.0,0.0,off
1543171738.8200238,-1.9,-1.07,-9.59,-0.0625,-0.125,0.0625,111.9375,-10.9375,173.875,0.05,0.0,0.0,0.0,0.0,0.0,0.0,0.0,0.0,0.0,0.0,0.0,0.0,0.0,0.0,0.0,0.0,0.0,0.0,0.0,0.0,off
1543171739.4715707,-1.89,-1.07,-9.61,0.0,-0.125,-0.125,111.9375,-10.9375,173.875,0.05,0.0,0.0,0.0,0.0,0.0,0.0,0.0,0.0,0.0,0.0,0.0,0.0,0.0,0.0,0.0,0.0,0.0,0.0,0.0,0.0,off
1543171740.1227865,-1.93,-1.05,-9.61,0.0,-0.0625,0.0625,111.9375,-10.9375,173.875,0.05,0.0,0.0,0.0,0.0,0.0,0.0,0.0,0.0,0.0,0.0,0.0,0.0,0.0,0.0,0.0,0.0,0.0,0.0,0.0,0.0,off
1543171740.7741513,-1.89,-1.05,-9.6,0.0,0.0,-0.0625,111.9375,-10.9375,173.875,0.05,0.0,0.0,0.0,0.0,0.0,0.0,0.0,0.0,0.0,0.0,0.0,0.0,0.0,0.0,0.0,0.0,0.0,0.0,0.0,0.0,off
1543171741.4255245,-1.94,-1.08,-9.61,0.0625,-0.25,0.0,111.9375,-10.9375,173.875,0.05,0.0,0.0,0.0,0.0,0.0,0.0,0.0,0.0,0.0,0.0,0.0,0.0,0.0,0.0,0.0,0.0,0.0,0.0,0.0,0.0,off
1543171742.0720139,-1.91,-1.08,-9.61,0.125,-0.0625,0.0,111.9375,-10.9375,173.875,0.05,0.0,0.0,0.0,0.0,0.0,0.0,0.0,0.0,0.0,0.0,0.0,0.0,0.0,0.0,0.0,0.0,0.0,0.0,0.0,0.0,off
1543171742.719381,-1.91,-1.04,-9.6,0.0,0.0,-0.0625,111.9375,-10.9375,173.875,0.05,0.0,0.0,0.0,0.0,0.0,0.0,0.0,0.0,0.0,0.0,0.0,0.0,0.0,0.0,0.0,0.0,0.0,0.0,0.0,0.0,off
1543171743.370852,-1.93,-1.06,-9.61,0.125,-0.0625,-0.0625,111.9375,-10.9375,173.875,0.05,0.0,0.0,0.0,0.0,0.0,0.0,0.0,0.0,0.0,0.0,0.0,0.0,0.0,0.0,0.0,0.0,0.0,0.0,0.0,0.0,off
1543171744.0221076,-1.96,-1.09,-9.6,-0.1875,0.0,0.0625,111.9375,-10.9375,173.875,0.05,0.0,0.0,0.0,0.0,0.0,0.0,0.0,0.0,0.0,0.0,0.0,0.0,0.0,0.0,0.0,0.0,0.0,0.0,0.0,0.0,off
1543171744.673562,-1.89,-1.07,-9.6,-0.125,0.0,-0.0625,111.9375,-10.9375,173.875,0.05,0.0,0.0,0.0,0.0,0.0,0.0,0.0,0.0,0.0,0.0,0.0,0.0,0.0,0.0,0.0,0.0,0.0,0.0,0.0,0.0,off
1543171745.3286545,-1.9,-1.07,-9.56,0.0625,-0.125,-0.0625,111.9375,-10.9375,173.875,0.05,0.0,0.0,0.0,0.0,0.0,0.0,0.0,0.0,0.0,0.0,0.0,0.0,0.0,0.0,0.0,0.0,0.0,0.0,0.0,0.0,off
1543171745.979918,-1.84,-1.02,-9.63,-0.1875,0.3125,-0.1875,111.9375,-10.9375,173.875,0.05,0.0,0.0,0.0,0.0,0.0,0.0,0.0,0.0,0.0,0.0,0.0,0.0,0.0,0.0,0.0,0.0,0.0,0.0,0.0,0.0,off
1543171746.6347575,-1.93,-1.09,-9.6,0.625,-0.375,0.8125,112.1875,-10.875,173.875,0.05,0.0,0.0,0.0,0.0,0.0,0.0,0.0,0.0,0.0,0.0,0.0,0.0,0.0,0.0,0.0,0.0,0.0,0.0,0.0,0.0,off
1543171747.2902186,-1.8,-1.13,-9.61,-0.25,-0.5,-0.75,112.375,-10.6875,173.75,0.05,0.0,0.0,0.0,0.0,0.0,0.0,0.0,0.0,0.0,0.0,0.0,0.0,0.0,0.0,0.0,0.0,0.0,0.0,0.0,0.0,off
1543171747.937966,-2.08,-1.26,-9.57,0.3125,0.4375,-0.4375,111.6875,-10.75,173.5625,0.05,0.0,0.0,0.0,0.0,0.0,0.0,0.0,0.0,0.0,0.0,0.0,0.0,0.0,0.0,0.0,0.0,0.0,0.0,0.0,0.0,off
1543171748.5930886,-1.44,-0.88,-9.84,-0.6875,3.3125,-0.25,111.6875,-10.625,173.5,0.05,0.0,0.0,0.0,0.0,0.0,0.0,0.0,0.0,0.0,0.0,0.0,0.0,0.0,0.0,0.0,0.0,0.0,0.0,0.0,0.0,off
1543171749.2432194,-1.88,-1.05,-9.58,0.375,-0.25,-0.4375,111.6875,-9.6875,173.625,0.05,0.0,0.0,0.0,0.0,0.0,0.0,0.0,0.0,0.0,0.0,0.0,0.0,0.0,0.0,0.0,0.0,0.0,0.0,0.0,0.0,off
1543171749.8907692,-1.85,-1.07,-9.51,1.125,-1.1875,0.1875,111.6875,-9.5,173.5625,0.05,0.0,0.0,0.0,0.0,0.0,0.0,0.0,0.0,0.0,0.0,0.0,0.0,0.0,0.0,0.0,0.0,0.0,0.0,0.0,0.0,off
1543171750.542139,-1.71,-0.99,-9.58,0.375,-0.0625,0.0,111.6875,-9.5,173.625,0.05,0.0,0.0,0.0,0.0,0.0,0.0,0.0,0.0,0.0,0.0,0.0,0.0,0.0,0.0,0.0,0.0,0.0,0.0,0.0,0.0,off
1543171751.189361,-2.29,-1.23,-9.49,0.5,-1.5,0.25,111.9375,-10.5,173.0625,0.05,0.0,0.0,0.0,0.0,0.0,0.0,0.0,0.0,0.0,0.0,0.0,0.0,0.0,0.0,0.0,0.0,0.0,0.0,0.0,0.0,off
1543171751.8370337,-1.85,-1.08,-9.64,-0.25,1.75,-0.375,112.0,-9.75,173.25,0.05,0.0,0.0,0.0,0.0,0.0,0.0,0.0,0.0,0.0,0.0,0.0,0.0,0.0,0.0,0.0,0.0,0.0,0.0,0.0,0.0,off
1543171752.4869363,-1.32,-0.93,-9.7,0.875,-2.25,0.0625,111.8125,-7.3125,173.875,0.05,0.0,0.0,0.0,0.0,0.0,0.0,0.0,0.0,0.0,0.0,0.0,0.0,0.0,0.0,0.0,0.0,0.0,0.0,0.0,0.0,off
1543171753.13475,-1.54,-1.19,-9.59,1.75,-8.375,1.5,111.875,-8.625,172.625,0.05,0.0,0.0,0.0,0.0,0.0,0.0,0.0,0.0,0.0,0.0,0.0,0.0,0.0,0.0,0.0,0.0,0.0,0.0,0.0,0.0,off
1543171753.7812204,-1.48,-1.23,-9.58,0.5,1.1875,-0.125,112.0625,-8.0625,172.1875,0.05,0.0,0.0,0.0,0.0,0.0,0.0,0.0,0.0,0.0,0.0,0.0,0.0,0.0,0.0,0.0,0.0,0.0,0.0,0.0,0.0,off
1543171754.4287605,-1.3,-0.94,-9.74,-8.125,0.4375,1.3125,112.1875,-7.0625,173.8125,0.05,0.0,0.0,0.0,0.0,0.0,0.0,0.0,0.0,0.0,0.0,0.0,0.0,0.0,0.0,0.0,0.0,0.0,0.0,0.0,0.0,off
1543171755.07979,-1.35,-0.7,-9.74,2.3125,1.625,-0.125,112.5625,-7.625,174.875,0.05,0.0,0.0,0.0,0.0,0.0,0.0,0.0,0.0,0.0,0.0,0.0,0.0,0.0,0.0,0.0,0.0,0.0,0.0,0.0,0.0,off
1543171755.7263644,-1.39,-0.76,-9.82,2.5625,0.0,-0.5,112.6875,-7.625,175.0,0.05,0.0,0.0,0.0,0.0,0.0,0.0,0.0,0.0,0.0,0.0,0.0,0.0,0.0,0.0,0.0,0.0,0.0,0.0,0.0,0.0,off
1543171756.3738394,-1.36,-0.88,-9.67,0.25,0.8125,0.1875,112.5625,-7.625,174.0625,0.05,0.0,0.0,0.0,0.0,0.0,0.0,0.0,0.0,0.0,0.0,0.0,0.0,0.0,0.0,0.0,0.0,0.0,0.0,0.0,0.0,off
1543171757.0214798,-1.3,-0.88,-9.75,-0.3125,0.4375,0.25,112.5625,-7.5,174.0,0.05,0.0,0.0,0.0,0.0,0.0,0.0,0.0,0.0,0.0,0.0,0.0,0.0,0.0,0.0,0.0,0.0,0.0,0.0,0.0,0.0,off
1543171766.8050916,-2.11,4.73,-8.32,-0.0625,0.0625,-0.0625,111.9375,-12.3125,-151.3125,0.07,0.0,0.0,0.0,0.0,0.0,0.0,0.0,0.0,0.0,0.0,0.0,0.0,0.0,27.0,0.0,0.0,0.0,0.0,17.0,0.0,right
1543171767.4567387,-2.05,4.76,-8.31,0.3125,0.375,0.125,111.9375,-12.25,-151.4375,0.08,0.0,0.0,0.0,0.0,0.0,0.0,0.0,0.0,0.0,0.0,0.0,0.0,0.0,28.0,0.0,0.0,0.0,0.0,18.0,0.0,right
1543171768.1084418,-2.12,4.69,-8.31,0.125,0.0625,-0.0625,111.9375,-12.3125,-151.125,0.08,0.0,0.0,0.0,0.0,0.0,0.0,0.0,0.0,0.0,0.0,0.0,0.0,0.0,24.0,0.0,0.0,0.0,0.0,0.0,0.0,right
1543171768.763849,-2.1,4.73,-8.33,0.0625,-0.25,-0.125,111.9375,-12.25,-151.0,0.08,0.0,0.0,0.0,0.0,0.0,0.0,0.0,0.0,0.0,0.0,0.0,0.0,0.0,33.0,0.0,0.0,0.0,0.0,15.0,0.0,right
1543171769.4142175,-2.05,4.73,-8.29,0.0625,0.25,-0.4375,111.9375,-12.25,-150.875,0.08,0.0,0.0,0.0,0.0,0.0,0.0,0.0,0.0,0.0,0.0,0.0,0.0,0.0,34.0,0.0,0.0,0.0,0.0,13.0,0.0,right
1543171770.0660863,-2.01,4.74,-8.26,-0.3125,0.125,-0.1875,111.9375,-12.3125,-150.875,0.08,0.0,0.0,0.0,0.0,0.0,0.0,0.0,0.0,0.0,0.0,0.0,0.0,0.0,32.0,0.0,0.0,0.0,0.0,12.0,0.0,right
1543171770.721289,-2.1,4.74,-8.27,0.0,-0.5,-0.125,111.9375,-12.3125,-150.8125,0.08,0.0,0.0,0.0,0.0,0.0,0.0,0.0,0.0,0.0,0.0,0.0,0.0,0.0,34.0,0.0,0.0,0.0,0.0,16.0,0.0,right
1543171771.3675773,-2.09,4.69,-8.29,2.125,0.375,0.5625,112.0,-12.375,-151.0625,0.08,0.0,0.0,0.0,0.0,0.0,0.0,0.0,0.0,0.0,0.0,0.0,0.0,0.0,35.0,0.0,0.0,0.0,0.0,0.0,0.0,right
1543171772.0233846,-2.06,4.69,-8.3,0.375,-0.125,-0.25,111.9375,-12.125,-151.1875,0.08,0.0,0.0,0.0,0.0,0.0,0.0,0.0,0.0,0.0,0.0,0.0,0.0,0.0,32.0,0.0,0.0,0.0,0.0,13.0,0.0,right
1543171772.6748316,-2.04,4.69,-8.31,0.0,-0.0625,0.0,111.9375,-12.125,-151.1875,0.08,0.0,0.0,0.0,0.0,0.0,0.0,0.0,0.0,0.0,0.0,0.0,0.0,0.0,34.0,0.0,0.0,0.0,0.0,15.0,0.0,right
1543171773.3291988,-2.07,4.7,-8.31,0.0625,-0.3125,-0.125,111.9375,-12.125,-151.1875,0.08,0.0,0.0,0.0,0.0,7.0,0.0,0.0,0.0,0.0,0.0,0.0,0.0,0.0,31.0,0.0,0.0,0.0,0.0,14.0,0.0,right
1543171773.9809203,-2.08,4.71,-8.3,-0.0625,0.0625,-0.0625,111.9375,-12.125,-151.125,0.07,0.0,0.0,0.0,0.0,0.0,0.0,0.0,0.0,0.0,0.0,0.0,0.0,0.0,39.0,0.0,0.0,0.0,0.0,16.0,0.0,right
1543171774.6327343,-2.07,4.73,-8.31,0.1875,0.0625,-0.0625,111.9375,-12.125,-151.125,0.08,0.0,0.0,0.0,0.0,0.0,0.0,0.0,0.0,0.0,0.0,0.0,0.0,0.0,33.0,0.0,0.0,0.0,0.0,0.0,0.0,right
1543171775.284171,-2.03,4.71,-8.28,0.1875,-0.4375,-0.0625,111.875,-12.125,-151.125,0.08,0.0,0.0,0.0,0.0,0.0,0.0,0.0,0.0,0.0,0.0,0.0,0.0,0.0,35.0,0.0,0.0,0.0,0.0,0.0,0.0,right
1543171775.9342866,-2.05,4.68,-8.28,0.3125,-0.0625,0.0,111.875,-12.0625,-151.1875,0.08,0.0,0.0,0.0,0.0,0.0,0.0,0.0,0.0,0.0,0.0,0.0,0.0,0.0,49.0,0.0,0.0,0.0,0.0,0.0,0.0,right
1543171776.5933063,-2.03,4.69,-8.31,0.3125,-0.1875,-0.1875,111.875,-12.0,-151.3125,0.08,0.0,0.0,0.0,0.0,0.0,0.0,0.0,0.0,0.0,0.0,0.0,0.0,0.0,53.0,0.0,0.0,0.0,0.0,14.0,17.0,right
1543171777.241163,-2.04,4.72,-8.32,0.375,0.125,0.0,111.875,-12.0,-151.375,0.08,0.0,0.0,0.0,0.0,0.0,0.0,0.0,0.0,0.0,0.0,0.0,0.0,0.0,51.0,0.0,0.0,0.0,0.0,27.0,0.0,right
1543171777.8927712,-2.05,4.74,-8.31,0.3125,-0.0625,-0.0625,111.875,-12.0,-151.375,0.08,0.0,0.0,0.0,0.0,0.0,0.0,0.0,0.0,0.0,0.0,0.0,0.0,0.0,54.0,0.0,0.0,0.0,0.0,16.0,0.0,right
1543171778.5393453,-2.05,4.73,-8.26,-0.125,0.5,0.0625,111.875,-12.0,-151.375,0.08,0.0,0.0,0.0,0.0,0.0,0.0,0.0,0.0,0.0,0.0,0.0,0.0,0.0,42.0,0.0,0.0,0.0,0.0,14.0,0.0,right
1543171779.1905737,-2.06,4.74,-8.28,0.25,0.0,0.0,111.875,-12.0,-151.375,0.08,0.0,0.0,0.0,0.0,0.0,0.0,0.0,0.0,0.0,0.0,0.0,0.0,0.0,42.0,0.0,0.0,0.0,0.0,0.0,0.0,right
1543171779.8423965,-2.04,4.75,-8.3,0.0625,-0.0625,0.125,111.9375,-12.0,-151.125,0.08,0.0,0.0,0.0,0.0,0.0,0.0,0.0,0.0,0.0,0.0,0.0,0.0,0.0,22.0,0.0,0.0,0.0,0.0,0.0,0.0,right
1543171780.4978054,-2.04,4.75,-8.31,0.375,-0.25,0.0625,111.9375,-12.0625,-150.875,0.08,0.0,0.0,0.0,0.0,0.0,0.0,0.0,0.0,0.0,0.0,0.0,0.0,0.0,32.0,0.0,0.0,0.0,0.0,12.0,0.0,right
1543171781.147914,-2.05,4.73,-8.27,-0.1875,-0.3125,-0.0625,111.9375,-12.0,-150.875,0.08,0.0,0.0,0.0,0.0,0.0,0.0,0.0,0.0,0.0,0.0,0.0,0.0,0.0,30.0,0.0,0.0,0.0,0.0,0.0,0.0,right
1543171781.8080597,-2.07,4.72,-8.29,0.625,0.1875,-0.0625,111.9375,-12.0625,-150.9375,0.08,0.0,0.0,0.0,0.0,0.0,0.0,0.0,0.0,0.0,0.0,0.0,0.0,0.0,32.0,0.0,0.0,0.0,0.0,13.0,0.0,right
1543171782.4548333,-2.13,4.5,-8.41,11.1875,-0.9375,0.5,112.1875,-12.25,-152.4375,0.08,0.0,0.0,0.0,0.0,0.0,0.0,0.0,0.0,0.0,0.0,0.0,0.0,0.0,54.0,0.0,0.0,0.0,0.0,0.0,0.0,right
1543171783.106236,-2.26,4.1,-8.66,-0.6875,1.75,0.0,112.6875,-12.625,-155.5,0.09,0.0,0.0,0.0,0.0,0.0,0.0,0.0,0.0,0.0,0.0,0.0,0.0,0.0,50.0,0.0,0.0,0.0,0.0,15.0,0.0,right
1543171783.757658,-2.12,4.18,-8.43,-8.25,2.75,-0.5625,112.3125,-12.0,-154.3125,0.08,0.0,0.0,0.0,0.0,0.0,0.0,0.0,0.0,0.0,0.0,0.0,0.0,0.0,51.0,0.0,0.0,0.0,0.0,17.0,0.0,right
1543171784.4081485,-2.29,4.79,-8.27,1.125,3.0625,1.8125,111.3125,-13.5,-149.875,0.08,0.0,0.0,0.0,0.0,0.0,0.0,0.0,0.0,0.0,0.0,0.0,0.0,0.0,26.0,0.0,0.0,0.0,0.0,8.0,0.0,right
1543171785.0597568,-2.38,4.29,-8.49,3.1875,1.9375,0.9375,112.1875,-13.5625,-154.0,0.08,0.0,0.0,0.0,0.0,0.0,0.0,0.0,0.0,0.0,0.0,0.0,0.0,0.0,45.0,0.0,0.0,0.0,0.0,0.0,0.0,right
1543171785.7101228,-2.14,3.61,-8.86,-0.9375,-0.5,0.0625,112.875,-11.875,-157.8125,0.08,0.0,0.0,0.0,0.0,1.0,0.0,0.0,0.0,0.0,0.0,0.0,0.0,0.0,37.0,0.0,0.0,0.0,0.0,0.0,0.0,right
1543171786.361976,-2.18,3.65,-8.85,-2.1875,-0.6875,-0.9375,112.8125,-12.0625,-157.9375,0.09,0.0,0.0,0.0,0.0,0.0,0.0,0.0,0.0,0.0,0.0,0.0,0.0,0.0,61.0,0.0,0.0,0.0,0.0,12.0,0.0,right
1543171787.0138466,-2.29,3.87,-8.7,-0.375,0.125,0.0,112.4375,-12.6875,-156.1875,0.09,0.0,0.0,0.0,0.0,0.0,0.0,0.0,0.0,0.0,0.0,0.0,0.0,0.0,55.0,0.0,0.0,0.0,0.0,15.0,0.0,right
1543171787.6678836,-2.26,3.93,-8.67,-1.875,-0.0625,-0.125,112.375,-12.75,-155.6875,0.08,0.0,0.0,0.0,0.0,0.0,0.0,0.0,0.0,0.0,0.0,0.0,0.0,0.0,92.0,0.0,0.0,0.0,0.0,10.0,0.0,right
1543171788.3196976,-2.27,4.07,-8.59,0.1875,0.0,0.0,112.25,-12.75,-154.8125,0.08,0.0,0.0,0.0,0.0,0.0,0.0,0.0,0.0,0.0,0.0,0.0,0.0,0.0,94.0,0.0,0.0,0.0,0.0,16.0,0.0,right
1543171788.974969,-2.3,4.07,-8.6,-0.1875,-0.25,0.0,112.25,-12.75,-154.8125,0.08,0.0,0.0,0.0,0.0,0.0,0.0,0.0,0.0,0.0,0.0,0.0,0.0,0.0,87.0,0.0,0.0,0.0,0.0,16.0,0.0,right
1543171789.6266325,-2.28,4.07,-8.53,-0.375,-0.125,0.0,112.25,-12.75,-154.8125,0.08,0.0,0.0,0.0,0.0,0.0,0.0,0.0,0.0,0.0,0.0,0.0,0.0,0.0,48.0,0.0,0.0,0.0,0.0,0.0,0.0,right
1543171790.2817988,-2.32,4.08,-8.57,0.1875,-0.0625,0.0625,112.25,-12.75,-154.5625,0.08,0.0,0.0,0.0,0.0,0.0,0.0,0.0,0.0,0.0,0.0,0.0,0.0,0.0,57.0,0.0,0.0,0.0,0.0,15.0,0.0,right
1543171790.9324155,-2.29,4.09,-8.59,0.1875,-0.125,0.0,112.25,-12.75,-154.5625,0.08,0.0,0.0,0.0,0.0,0.0,0.0,0.0,0.0,0.0,0.0,0.0,0.0,0.0,52.0,0.0,0.0,0.0,0.0,0.0,0.0,right
1543171791.583697,-2.27,4.06,-8.58,0.25,0.0,0.0,112.25,-12.75,-154.6875,0.09,0.0,0.0,0.0,0.0,0.0,0.0,0.0,0.0,0.0,0.0,0.0,0.0,0.0,64.0,0.0,0.0,0.0,0.0,0.0,0.0,right
1543171792.235422,-2.29,4.04,-8.6,0.4375,-0.0625,-0.0625,112.25,-12.75,-154.6875,0.09,0.0,0.0,0.0,0.0,0.0,0.0,0.0,0.0,0.0,0.0,0.0,0.0,0.0,52.0,0.0,0.0,0.0,0.0,12.0,0.0,right
1543171792.8859127,-2.28,4.06,-8.61,0.375,-0.3125,-0.125,112.25,-12.75,-154.6875,0.08,0.0,0.0,0.0,0.0,0.0,0.0,0.0,0.0,0.0,0.0,0.0,0.0,0.0,47.0,0.0,0.0,0.0,0.0,13.0,0.0,right
1543171793.5418046,-2.31,4.01,-8.6,-0.4375,-0.6875,-0.1875,112.25,-12.75,-154.6875,0.08,0.0,0.0,0.0,0.0,0.0,0.0,0.0,0.0,0.0,0.0,0.0,0.0,0.0,56.0,0.0,0.0,0.0,0.0,30.0,0.0,right
1543171794.1969922,-2.29,4.03,-8.62,1.625,0.4375,-0.0625,112.25,-12.6875,-154.75,0.08,0.0,0.0,0.0,0.0,0.0,0.0,0.0,0.0,0.0,0.0,0.0,0.0,0.0,51.0,0.0,0.0,0.0,0.0,15.0,0.0,right
1543171794.8484452,-2.31,4.0,-8.62,-0.3125,0.3125,0.0625,112.25,-12.6875,-154.9375,0.08,0.0,0.0,0.0,0.0,0.0,0.0,0.0,0.0,0.0,0.0,0.0,0.0,0.0,49.0,0.0,0.0,0.0,0.0,0.0,0.0,right
1543171795.5000088,-2.27,3.97,-8.6,0.25,-0.0625,0.0,112.25,-12.6875,-154.875,0.08,0.0,0.0,0.0,0.0,0.0,0.0,0.0,0.0,0.0,0.0,0.0,0.0,0.0,52.0,0.0,0.0,0.0,0.0,14.0,0.0,right
1543171796.150439,-2.29,3.99,-8.6,0.125,-0.625,-0.125,112.25,-12.6875,-154.9375,0.08,0.0,0.0,0.0,0.0,0.0,0.0,0.0,0.0,0.0,0.0,0.0,0.0,0.0,52.0,0.0,0.0,0.0,0.0,19.0,0.0,right
1543171796.8020985,-2.25,4.01,-8.6,0.0625,-0.0625,0.0,112.25,-12.75,-154.9375,0.08,0.0,0.0,0.0,0.0,0.0,0.0,0.0,0.0,0.0,0.0,0.0,0.0,0.0,47.0,0.0,0.0,0.0,0.0,16.0,0.0,right
1543171806.24602,-1.27,0.04,-11.85,-21.75,-23.75,-2.3125,111.5,-1.6875,179.8125,0.05,0.0,0.0,0.0,0.0,28.0,0.0,0.0,0.0,0.0,0.0,0.0,0.0,0.0,0.0,0.0,0.0,0.0,0.0,0.0,0.0,back
1543171806.8971303,-0.41,0.33,-9.88,-1.0,-0.1875,0.25,111.3125,-2.3125,-178.625,0.06,0.0,0.0,0.0,0.0,0.0,0.0,0.0,0.0,0.0,0.0,0.0,0.0,0.0,0.0,0.0,0.0,0.0,0.0,0.0,0.0,back
1543171807.5491889,-0.23,2.0,-9.42,15.9375,12.375,-0.4375,112.4375,-1.9375,-168.0,0.06,0.0,0.0,0.0,0.0,0.0,0.0,26.0,0.0,0.0,0.0,0.0,0.0,0.0,0.0,0.0,0.0,0.0,0.0,0.0,0.0,back
1543171808.1954272,-0.3,1.58,-9.77,-9.3125,0.1875,0.9375,112.375,-1.75,-171.0,0.06,0.0,0.0,0.0,0.0,0.0,0.0,16.0,0.0,0.0,0.0,0.0,0.0,0.0,0.0,0.0,0.0,0.0,0.0,0.0,0.0,back
1543171808.8432605,-0.34,1.43,-9.73,-1.5625,-0.5625,0.25,112.3125,-2.125,-171.6875,0.07,0.0,0.0,0.0,0.0,0.0,0.0,38.0,0.0,0.0,0.0,0.0,0.0,14.0,0.0,0.0,0.0,0.0,0.0,0.0,0.0,back
1543171809.4944189,-0.3,2.24,-9.54,-2.375,-0.0625,0.25,112.6875,-2.0625,-167.125,0.06,0.0,0.0,0.0,0.0,0.0,0.0,0.0,0.0,0.0,0.0,0.0,0.0,14.0,0.0,0.0,0.0,0.0,0.0,0.0,0.0,back
1543171810.1407561,-0.36,2.2,-9.57,0.75,-0.25,-0.125,112.6875,-2.125,-167.5,0.06,0.0,0.0,0.0,0.0,0.0,0.0,0.0,0.0,0.0,0.0,0.0,0.0,0.0,0.0,0.0,0.0,0.0,0.0,0.0,0.0,back
1543171810.7882292,-0.35,2.19,-9.71,6.9375,-2.0625,-1.5,112.625,-2.0,-167.9375,0.07,0.0,0.0,0.0,0.0,0.0,0.0,0.0,0.0,0.0,0.0,0.0,0.0,0.0,0.0,0.0,0.0,0.0,3.0,0.0,0.0,back
1543171811.435828,-0.34,2.02,-9.64,0.0625,0.0,0.0,112.5625,-2.0,-168.875,0.06,0.0,0.0,0.0,0.0,0.0,0.0,0.0,0.0,0.0,0.0,0.0,0.0,14.0,0.0,0.0,0.0,0.0,0.0,0.0,0.0,back
1543171812.0821283,-0.27,1.99,-9.6,0.1875,0.125,0.0625,112.5625,-1.8125,-169.0,0.06,0.0,0.0,0.0,10.0,0.0,0.0,0.0,0.0,0.0,0.0,0.0,0.0,14.0,0.0,0.0,0.0,0.0,0.0,0.0,0.0,back
1543171812.7332733,-0.26,2.01,-9.58,-0.0625,0.125,0.0,112.5625,-1.8125,-169.0,0.06,0.0,7.0,0.0,0.0,0.0,0.0,0.0,0.0,0.0,0.0,0.0,0.0,12.0,0.0,0.0,0.0,0.0,0.0,0.0,0.0,back
1543171813.3810503,-0.28,1.99,-9.65,-0.375,-0.25,-0.125,112.5625,-1.8125,-169.0,0.06,0.0,0.0,0.0,0.0,0.0,0.0,0.0,0.0,0.0,0.0,0.0,0.0,15.0,0.0,0.0,0.0,0.0,0.0,0.0,0.0,back
1543171814.0322223,-0.24,1.98,-9.61,0.1875,0.5,-0.125,112.5625,-1.8125,-169.0,0.06,0.0,0.0,0.0,0.0,0.0,0.0,0.0,0.0,0.0,0.0,0.0,0.0,0.0,0.0,0.0,0.0,0.0,0.0,0.0,0.0,back
1543171814.6788912,-0.21,1.98,-9.62,-0.125,-0.3125,0.0625,112.5625,-1.8125,-169.0,0.06,0.0,0.0,0.0,0.0,0.0,0.0,0.0,0.0,0.0,0.0,0.0,0.0,0.0,0.0,0.0,0.0,0.0,0.0,0.0,0.0,back
1543171815.3264756,-0.21,1.99,-9.63,0.25,0.0,0.0625,112.5625,-1.8125,-168.9375,0.07,0.0,0.0,0.0,0.0,0.0,0.0,14.0,0.0,0.0,0.0,0.0,0.0,15.0,0.0,0.0,0.0,0.0,0.0,0.0,0.0,back
1543171815.97384,-0.23,1.94,-9.61,0.0625,0.125,0.0,112.5625,-1.8125,-168.9375,0.06,0.0,0.0,0.0,0.0,0.0,0.0,14.0,0.0,0.0,0.0,0.0,0.0,0.0,0.0,0.0,0.0,0.0,0.0,0.0,0.0,back
1543171816.6238427,-0.18,1.97,-9.59,-0.125,0.5625,0.0,112.5625,-1.8125,-168.9375,0.06,0.0,0.0,0.0,0.0,0.0,0.0,0.0,0.0,0.0,0.0,0.0,0.0,12.0,0.0,0.0,0.0,0.0,0.0,0.0,0.0,back
1543171817.271544,-0.19,1.97,-9.61,-0.4375,-0.1875,0.125,112.5625,-1.8125,-168.9375,0.07,0.0,0.0,0.0,0.0,0.0,0.0,0.0,0.0,0.0,0.0,0.0,0.0,0.0,0.0,0.0,0.0,0.0,0.0,0.0,0.0,back
1543171817.9229832,-0.19,1.98,-9.66,0.1875,-0.1875,0.0,112.5625,-1.8125,-168.9375,0.06,0.0,0.0,0.0,0.0,0.0,0.0,12.0,0.0,0.0,0.0,0.0,0.0,14.0,0.0,0.0,0.0,0.0,0.0,0.0,0.0,back
1543171818.569452,-0.18,1.98,-9.66,0.125,-0.0625,0.0625,112.5625,-1.8125,-168.9375,0.07,0.0,0.0,0.0,0.0,0.0,0.0,12.0,0.0,0.0,0.0,0.0,0.0,6.0,0.0,0.0,0.0,0.0,0.0,0.0,0.0,back
1543171819.2204938,-0.22,1.94,-9.69,-0.625,-0.25,0.0,112.5625,-1.8125,-168.9375,0.06,0.0,0.0,0.0,0.0,2.0,0.0,0.0,0.0,0.0,0.0,0.0,0.0,0.0,0.0,0.0,0.0,0.0,0.0,0.0,0.0,back
1543171819.8682477,-0.17,1.96,-9.65,0.1875,-0.125,-0.0625,112.5625,-1.8125,-168.875,0.07,0.0,0.0,0.0,0.0,0.0,0.0,0.0,0.0,0.0,0.0,0.0,0.0,0.0,0.0,0.0,0.0,0.0,0.0,0.0,0.0,back
1543171820.5233872,-0.18,1.95,-9.67,-0.375,-0.1875,0.0,112.5625,-1.8125,-168.875,0.07,0.0,0.0,0.0,0.0,0.0,0.0,13.0,0.0,0.0,0.0,0.0,0.0,10.0,0.0,0.0,0.0,0.0,0.0,0.0,0.0,back
1543171821.170735,-0.19,1.95,-9.65,0.0,0.125,-0.125,112.5625,-1.8125,-168.875,0.06,0.0,0.0,0.0,0.0,0.0,0.0,13.0,0.0,0.0,0.0,0.0,0.0,0.0,0.0,0.0,0.0,0.0,0.0,0.0,0.0,back
1543171821.8219442,-0.2,1.95,-9.62,-0.375,0.375,0.125,112.5625,-1.8125,-168.875,0.06,0.0,0.0,0.0,0.0,0.0,0.0,13.0,0.0,0.0,0.0,0.0,0.0,0.0,0.0,0.0,0.0,0.0,0.0,0.0,0.0,back
1543171822.4769804,-0.17,1.92,-9.63,-0.1875,0.375,0.0625,112.5625,-1.8125,-168.875,0.06,0.0,0.0,0.0,0.0,0.0,0.0,0.0,0.0,0.0,0.0,0.0,0.0,13.0,0.0,0.0,0.0,0.0,0.0,0.0,0.0,back
1543171823.1245496,-0.18,1.96,-9.64,0.1875,0.0625,0.0625,112.5625,-1.8125,-168.875,0.06,0.0,0.0,0.0,0.0,0.0,0.0,0.0,0.0,0.0,0.0,0.0,0.0,0.0,0.0,0.0,0.0,0.0,0.0,0.0,0.0,back
1543171823.7750313,-0.19,1.93,-9.62,-0.3125,0.125,0.0,112.5625,-1.8125,-168.875,0.06,0.0,0.0,0.0,0.0,0.0,0.0,0.0,0.0,0.0,0.0,0.0,0.0,13.0,0.0,0.0,0.0,0.0,0.0,0.0,0.0,back
1543171824.4223053,-0.18,1.93,-9.66,0.125,0.0625,0.0625,112.5625,-1.8125,-168.875,0.06,0.0,0.0,0.0,0.0,0.0,0.0,0.0,0.0,0.0,0.0,0.0,0.0,11.0,0.0,0.0,0.0,0.0,0.0,0.0,0.0,back
1543171825.073581,-0.16,1.92,-9.65,0.4375,0.1875,0.125,112.5625,-1.8125,-168.875,0.07,0.0,0.0,0.0,0.0,0.0,0.0,0.0,0.0,0.0,0.0,0.0,0.0,13.0,0.0,0.0,0.0,0.0,0.0,0.0,0.0,back
1543171825.7209876,-0.16,1.91,-9.6,0.4375,0.5,0.0625,112.5625,-1.8125,-168.875,0.07,0.0,0.0,0.0,0.0,0.0,0.0,0.0,0.0,0.0,0.0,0.0,0.0,14.0,0.0,0.0,0.0,0.0,0.0,0.0,0.0,back
1543171826.3724093,-0.18,1.92,-9.62,-0.6875,-0.125,0.1875,112.5625,-1.8125,-168.8125,0.06,0.0,0.0,0.0,0.0,0.0,0.0,0.0,0.0,0.0,0.0,0.0,0.0,15.0,0.0,0.0,0.0,0.0,0.0,0.0,0.0,back
1543171827.0237076,-0.18,1.91,-9.64,0.1875,0.0,0.0625,112.5625,-1.8125,-168.75,0.06,0.0,0.0,0.0,0.0,0.0,0.0,0.0,0.0,0.0,0.0,0.0,0.0,15.0,0.0,0.0,0.0,0.0,0.0,0.0,0.0,back
1543171827.670287,-0.17,1.91,-9.67,0.125,0.125,0.125,112.5625,-1.8125,-168.6875,0.06,0.0,0.0,0.0,0.0,0.0,0.0,0.0,0.0,0.0,0.0,0.0,0.0,15.0,0.0,0.0,0.0,0.0,0.0,0.0,0.0,back
1543171828.317445,-0.16,1.92,-9.65,0.3125,0.625,0.0,112.5625,-1.8125,-168.6875,0.06,0.0,0.0,0.0,0.0,0.0,0.0,0.0,0.0,0.0,0.0,0.0,0.0,9.0,0.0,0.0,0.0,0.0,0.0,0.0,0.0,back
1543171828.9650755,-0.19,1.92,-9.62,-0.3125,-0.125,0.0,112.5625,-1.8125,-168.6875,0.06,0.0,0.0,0.0,1.0,0.0,0.0,0.0,0.0,0.0,0.0,0.0,0.0,0.0,0.0,0.0,0.0,0.0,0.0,0.0,0.0,back
1543171829.611405,-0.17,1.89,-9.64,0.125,0.0625,0.0625,112.5625,-1.8125,-168.6875,0.07,0.0,0.0,0.0,0.0,0.0,0.0,0.0,0.0,0.0,0.0,0.0,0.0,14.0,0.0,0.0,0.0,0.0,0.0,0.0,0.0,back
1543171830.2629054,-0.22,1.9,-9.63,-0.5,-0.1875,0.0,112.5625,-1.9375,-168.6875,0.06,0.0,0.0,0.0,0.0,0.0,0.0,0.0,0.0,0.0,0.0,0.0,0.0,14.0,0.0,0.0,0.0,0.0,0.0,0.0,0.0,back
1543171830.9103744,-0.2,1.89,-9.65,0.3125,0.3125,0.0,112.5625,-1.9375,-168.6875,0.07,0.0,0.0,0.0,0.0,0.0,0.0,0.0,0.0,0.0,0.0,0.0,0.0,15.0,0.0,0.0,0.0,0.0,0.0,0.0,0.0,back
1543171831.5615144,-0.23,1.91,-9.68,-0.125,-0.1875,-0.0625,112.5625,-1.9375,-168.6875,0.07,0.0,0.0,0.0,0.0,0.0,0.0,0.0,0.0,0.0,0.0,0.0,0.0,16.0,0.0,0.0,0.0,0.0,0.0,0.0,0.0,back
1543171832.208727,-0.22,1.91,-9.62,0.4375,0.0,-0.125,112.5625,-1.9375,-168.6875,0.07,0.0,0.0,0.0,0.0,0.0,0.0,0.0,0.0,0.0,0.0,0.0,0.0,15.0,0.0,0.0,0.0,0.0,0.0,0.0,0.0,back
1543171832.8560522,-0.19,1.92,-9.65,-0.375,-0.125,0.0,112.5625,-1.9375,-168.6875,0.06,0.0,0.0,0.0,0.0,0.0,0.0,0.0,0.0,0.0,0.0,0.0,0.0,3.0,0.0,0.0,0.0,0.0,0.0,0.0,0.0,back
1543171833.506053,-0.18,1.91,-9.65,0.125,-0.3125,-0.0625,112.5625,-1.9375,-168.6875,0.06,0.0,0.0,0.0,0.0,0.0,0.0,0.0,0.0,0.0,0.0,0.0,0.0,0.0,0.0,0.0,0.0,0.0,0.0,0.0,0.0,back
1543171834.1574078,-0.17,1.92,-9.62,-0.0625,0.125,0.0625,112.5625,-1.9375,-168.6875,0.06,0.0,0.0,0.0,0.0,0.0,0.0,0.0,0.0,0.0,0.0,0.0,0.0,5.0,0.0,0.0,0.0,0.0,0.0,0.0,0.0,back
1543171834.805172,-0.19,1.92,-9.62,-0.1875,0.0625,-0.0625,112.5625,-1.9375,-168.6875,0.07,0.0,0.0,0.0,0.0,0.0,0.0,0.0,0.0,0.0,0.0,0.0,0.0,0.0,0.0,0.0,0.0,0.0,0.0,0.0,0.0,back
1543171835.4566565,-0.19,1.94,-9.63,0.0625,-0.0625,-0.125,112.5625,-1.9375,-168.6875,0.06,0.0,0.0,0.0,0.0,0.0,0.0,0.0,0.0,0.0,0.0,0.0,0.0,0.0,0.0,0.0,0.0,0.0,0.0,0.0,0.0,back
1543171836.1067662,-0.21,1.95,-9.66,0.0,-0.125,0.0,112.5625,-1.9375,-168.6875,0.07,0.0,0.0,0.0,0.0,0.0,0.0,0.0,0.0,0.0,0.0,0.0,0.0,0.0,0.0,0.0,0.0,0.0,0.0,0.0,0.0,back
1543171845.8547542,-1.06,-4.37,-8.74,2.0,2.25,-0.375,111.4375,-6.4375,153.125,0.06,0.0,0.0,0.0,0.0,0.0,0.0,53.0,0.0,0.0,0.0,0.0,0.0,0.0,0.0,0.0,0.0,0.0,0.0,0.0,0.0,left
1543171846.5013685,-1.08,-4.5,-8.7,-0.125,0.0625,0.4375,111.5,-6.25,152.6875,0.06,0.0,0.0,0.0,0.0,0.0,0.0,63.0,0.0,0.0,0.0,0.0,0.0,0.0,0.0,0.0,0.0,0.0,0.0,0.0,0.0,left
1543171847.1492531,-1.09,-4.48,-8.73,-0.125,0.375,0.0,111.5,-6.25,152.6875,0.06,0.0,0.0,0.0,0.0,0.0,0.0,62.0,0.0,0.0,0.0,0.0,0.0,0.0,0.0,0.0,0.0,0.0,0.0,0.0,0.0,left
1543171847.7968237,-1.09,-4.49,-8.71,-0.125,0.0,0.0625,111.5,-6.25,152.6875,0.06,0.0,0.0,0.0,0.0,0.0,0.0,69.0,0.0,0.0,0.0,0.0,0.0,0.0,0.0,0.0,0.0,0.0,0.0,0.0,0.0,left
1543171848.4467645,-1.13,-4.48,-8.71,-0.125,0.0,0.0625,111.5,-6.25,152.6875,0.06,0.0,0.0,0.0,0.0,0.0,0.0,66.0,0.0,0.0,0.0,0.0,0.0,0.0,0.0,0.0,0.0,0.0,0.0,0.0,0.0,left
1543171849.0946796,-1.13,-4.52,-8.71,0.0,0.25,-0.125,111.5,-6.25,152.6875,0.06,0.0,0.0,0.0,0.0,0.0,0.0,53.0,0.0,0.0,0.0,0.0,0.0,0.0,0.0,0.0,0.0,0.0,0.0,0.0,0.0,left
1543171849.7423165,-1.13,-4.51,-8.65,0.4375,-0.3125,0.3125,111.5,-6.25,152.6875,0.06,0.0,0.0,0.0,0.0,0.0,0.0,64.0,0.0,0.0,0.0,0.0,0.0,0.0,0.0,0.0,0.0,0.0,0.0,0.0,0.0,left
1543171850.3933976,-1.12,-4.42,-8.72,-3.5,-0.0625,-0.25,111.4375,-6.1875,153.3125,0.06,0.0,0.0,0.0,0.0,0.0,0.0,44.0,0.0,0.0,0.0,0.0,0.0,0.0,0.0,0.0,0.0,0.0,0.0,0.0,0.0,left
1543171851.039597,-1.14,-4.39,-8.75,0.125,-0.0625,0.125,111.4375,-6.1875,153.375,0.05,0.0,0.0,0.0,0.0,0.0,0.0,51.0,0.0,0.0,0.0,0.0,0.0,0.0,0.0,0.0,0.0,0.0,0.0,0.0,0.0,left
1543171851.6871965,-1.18,-4.44,-8.73,0.375,-0.0625,0.125,111.4375,-6.1875,153.375,0.06,0.0,0.0,0.0,0.0,0.0,0.0,49.0,0.0,0.0,0.0,0.0,0.0,0.0,0.0,0.0,0.0,0.0,0.0,0.0,0.0,left
1543171852.3348622,-1.18,-4.43,-8.67,0.0,-0.1875,0.125,111.4375,-6.1875,153.375,0.06,0.0,0.0,0.0,0.0,0.0,0.0,36.0,0.0,0.0,0.0,0.0,0.0,0.0,0.0,0.0,0.0,0.0,0.0,0.0,0.0,left
1543171852.985931,-1.17,-4.46,-8.71,-0.375,-0.3125,-0.0625,111.4375,-6.1875,153.375,0.06,0.0,0.0,0.0,0.0,0.0,0.0,49.0,0.0,0.0,0.0,0.0,0.0,0.0,0.0,0.0,0.0,0.0,0.0,0.0,0.0,left
1543171853.6360557,-1.17,-4.47,-8.72,-0.8125,0.5,-0.1875,111.375,-6.25,153.5625,0.06,0.0,0.0,0.0,0.0,0.0,0.0,32.0,0.0,0.0,0.0,0.0,0.0,0.0,0.0,0.0,0.0,0.0,0.0,0.0,0.0,left
1543171854.2837722,-1.19,-4.43,-8.7,-0.3125,-0.25,-0.0625,111.375,-6.5,153.5,0.05,0.0,0.0,0.0,0.0,14.0,0.0,42.0,0.0,0.0,0.0,0.0,0.0,0.0,0.0,0.0,0.0,0.0,0.0,0.0,0.0,left
1543171854.9387615,-1.18,-4.46,-8.69,-0.3125,0.0,-0.0625,111.375,-6.5,153.5,0.06,0.0,0.0,0.0,0.0,0.0,0.0,52.0,0.0,0.0,0.0,0.0,0.0,0.0,0.0,0.0,0.0,0.0,0.0,0.0,0.0,left
1543171855.5904307,-1.2,-4.46,-8.7,-0.0625,0.0625,0.0,111.375,-6.5,153.5625,0.06,0.0,0.0,0.0,0.0,0.0,0.0,51.0,0.0,0.0,0.0,0.0,0.0,0.0,0.0,0.0,0.0,0.0,0.0,0.0,0.0,left
1543171856.2376337,-1.16,-4.47,-8.7,0.0,0.4375,-0.125,111.375,-6.5,153.625,0.06,0.0,0.0,0.0,0.0,0.0,0.0,59.0,0.0,0.0,0.0,0.0,0.0,0.0,0.0,0.0,0.0,0.0,0.0,0.0,0.0,left
1543171856.88881,-1.2,-4.46,-8.69,0.1875,-0.25,0.125,111.375,-6.5,153.5625,0.06,0.0,0.0,0.0,0.0,0.0,0.0,59.0,0.0,0.0,0.0,0.0,0.0,0.0,0.0,0.0,0.0,0.0,0.0,0.0,0.0,left
1543171857.5402133,-1.21,-4.48,-8.73,0.625,-0.375,-0.125,111.375,-6.5,153.5,0.06,0.0,0.0,0.0,0.0,0.0,0.0,52.0,0.0,0.0,0.0,0.0,0.0,0.0,0.0,0.0,0.0,0.0,0.0,0.0,0.0,left
1543171858.190725,-1.18,-4.47,-8.71,0.375,0.125,-0.0625,111.375,-6.5,153.5625,0.06,0.0,0.0,0.0,0.0,0.0,0.0,66.0,0.0,0.0,0.0,0.0,0.0,0.0,0.0,0.0,0.0,0.0,0.0,0.0,0.0,left
1543171858.8418257,-1.22,-4.48,-8.71,-0.0625,-0.1875,0.125,111.375,-6.5,153.5625,0.05,0.0,0.0,0.0,0.0,0.0,0.0,69.0,0.0,0.0,0.0,0.0,0.0,0.0,0.0,0.0,0.0,0.0,0.0,0.0,0.0,left
1543171859.4891636,-1.2,-4.47,-8.69,0.0,0.0625,0.0,111.4375,-6.375,153.5,0.05,0.0,0.0,0.0,0.0,0.0,0.0,53.0,0.0,0.0,0.0,0.0,0.0,0.0,0.0,0.0,0.0,0.0,0.0,0.0,0.0,left
1543171860.1402853,-1.15,-4.5,-8.66,-0.375,-0.25,0.0625,111.4375,-6.375,153.5,0.05,0.0,0.0,0.0,0.0,0.0,0.0,61.0,0.0,0.0,0.0,0.0,0.0,0.0,0.0,0.0,0.0,0.0,0.0,0.0,0.0,left
1543171860.7919137,-1.16,-4.49,-8.69,-0.0625,0.125,-0.0625,111.4375,-6.375,153.5,0.06,0.0,0.0,0.0,0.0,0.0,0.0,60.0,0.0,0.0,0.0,0.0,0.0,0.0,0.0,0.0,0.0,0.0,0.0,0.0,0.0,left
1543171861.4381104,-1.15,-4.47,-8.67,0.0,0.25,0.125,111.4375,-6.375,153.5,0.06,0.0,0.0,0.0,0.0,0.0,0.0,46.0,0.0,0.0,0.0,0.0,0.0,0.0,0.0,0.0,0.0,0.0,0.0,0.0,0.0,left
1543171862.085932,-1.15,-4.5,-8.66,0.375,0.0,0.25,111.4375,-6.375,153.5,0.06,0.0,0.0,0.0,0.0,0.0,0.0,45.0,0.0,0.0,0.0,0.0,0.0,0.0,0.0,0.0,0.0,0.0,0.0,0.0,0.0,left
1543171862.7335048,-1.16,-4.48,-8.66,0.125,-0.125,0.0,111.4375,-6.375,153.5,0.06,0.0,0.0,0.0,0.0,0.0,0.0,33.0,0.0,0.0,0.0,0.0,0.0,0.0,0.0,0.0,0.0,0.0,0.0,0.0,0.0,left
1543171863.3798172,-1.18,-4.5,-8.68,0.0,0.1875,0.0,111.4375,-6.4375,153.25,0.06,0.0,0.0,0.0,0.0,0.0,0.0,47.0,0.0,0.0,0.0,0.0,0.0,0.0,0.0,0.0,0.0,0.0,0.0,0.0,0.0,left
1543171864.0312302,-1.15,-4.49,-8.7,0.0,-0.125,0.125,111.5,-6.5,153.1875,0.06,0.0,0.0,0.0,0.0,0.0,0.0,46.0,0.0,0.0,0.0,0.0,0.0,0.0,0.0,0.0,0.0,0.0,0.0,0.0,0.0,left
1543171864.6788964,-1.15,-4.53,-8.66,-0.3125,0.3125,-0.125,111.5,-6.5,153.1875,0.06,0.0,0.0,0.0,0.0,0.0,0.0,44.0,0.0,0.0,0.0,0.0,0.0,0.0,0.0,0.0,0.0,0.0,0.0,0.0,0.0,left
1543171865.330063,-1.16,-4.52,-8.67,0.125,0.0,0.0625,111.5,-6.5,153.1875,0.05,0.0,0.0,0.0,0.0,0.0,0.0,57.0,0.0,0.0,0.0,0.0,0.0,0.0,0.0,0.0,0.0,0.0,0.0,0.0,0.0,left
1543171865.9770832,-1.14,-4.49,-8.67,-0.125,-0.375,0.1875,111.5,-6.5,153.1875,0.06,0.0,0.0,0.0,0.0,0.0,0.0,60.0,0.0,0.0,0.0,0.0,0.0,0.0,0.0,0.0,0.0,0.0,0.0,0.0,0.0,left
1543171866.6283667,-1.13,-4.54,-8.67,-0.3125,-0.125,-0.3125,111.5,-6.5,153.1875,0.06,0.0,0.0,0.0,0.0,0.0,0.0,63.0,0.0,0.0,0.0,0.0,0.0,0.0,0.0,0.0,0.0,0.0,0.0,0.0,0.0,left
1543171867.2748528,-1.15,-4.51,-8.67,0.1875,0.25,0.0,111.5,-6.5,153.1875,0.06,0.0,0.0,0.0,0.0,0.0,0.0,75.0,0.0,0.0,0.0,0.0,0.0,0.0,0.0,0.0,0.0,0.0,0.0,0.0,0.0,left
1543171867.9226534,-1.16,-4.54,-8.71,0.0,-0.4375,0.0625,111.5,-6.4375,153.1875,0.05,0.0,0.0,0.0,0.0,0.0,0.0,64.0,0.0,0.0,0.0,0.0,0.0,0.0,0.0,0.0,0.0,0.0,0.0,0.0,0.0,left
1543171868.5688462,-1.15,-4.55,-8.69,0.0,0.625,-0.125,111.5,-6.4375,153.1875,0.06,0.0,0.0,0.0,0.0,0.0,0.0,63.0,0.0,0.0,0.0,0.0,0.0,0.0,0.0,0.0,0.0,0.0,0.0,0.0,0.0,left
1543171869.220314,-1.17,-4.52,-8.65,-0.0625,-0.0625,-0.0625,111.5,-6.4375,153.1875,0.05,0.0,0.0,0.0,0.0,0.0,0.0,62.0,0.0,0.0,0.0,0.0,0.0,0.0,0.0,0.0,0.0,0.0,0.0,0.0,0.0,left
1543171869.867849,-1.18,-4.51,-8.66,0.0625,-0.3125,0.0,111.5,-6.4375,153.125,0.05,0.0,0.0,0.0,0.0,0.0,0.0,58.0,0.0,0.0,0.0,0.0,0.0,0.0,0.0,0.0,0.0,0.0,0.0,0.0,0.0,left
1543171870.5159118,-1.16,-4.54,-8.63,0.0,-0.0625,0.125,111.5,-6.375,153.125,0.05,0.0,0.0,0.0,0.0,0.0,0.0,50.0,0.0,0.0,0.0,0.0,0.0,0.0,0.0,0.0,0.0,0.0,0.0,0.0,0.0,left
1543171871.1656156,-1.14,-4.51,-8.63,-0.125,-0.1875,0.1875,111.5,-6.375,153.125,0.06,0.0,0.0,3.0,0.0,0.0,0.0,49.0,0.0,0.0,0.0,0.0,0.0,0.0,0.0,0.0,0.0,0.0,0.0,0.0,0.0,left
1543171871.8131142,-1.14,-4.54,-8.68,0.125,0.1875,0.125,111.5,-6.375,153.125,0.05,0.0,0.0,0.0,0.0,0.0,0.0,60.0,0.0,0.0,0.0,0.0,0.0,0.0,0.0,0.0,0.0,0.0,0.0,0.0,0.0,left
1543171872.4596114,-1.15,-4.52,-8.67,-0.1875,-0.0625,0.125,111.5,-6.375,153.1875,0.06,0.0,0.0,0.0,0.0,0.0,0.0,59.0,0.0,0.0,0.0,0.0,0.0,0.0,0.0,0.0,0.0,0.0,0.0,0.0,0.0,left
1543171873.1110604,-1.14,-4.54,-8.67,0.0,-0.0625,-0.125,111.5,-6.375,153.1875,0.06,0.0,0.0,0.0,0.0,0.0,0.0,57.0,0.0,0.0,0.0,0.0,0.0,0.0,0.0,0.0,0.0,0.0,0.0,0.0,0.0,left
1543171873.7588046,-1.15,-4.54,-8.66,0.25,-0.3125,0.1875,111.5,-6.375,153.125,0.05,0.0,0.0,0.0,0.0,0.0,0.0,57.0,0.0,0.0,0.0,0.0,0.0,0.0,0.0,0.0,0.0,0.0,0.0,0.0,0.0,left
1543171874.4101264,-1.15,-4.52,-8.66,0.0625,-0.1875,0.125,111.5,-6.375,153.125,0.05,0.0,0.0,0.0,0.0,0.0,0.0,58.0,0.0,0.0,0.0,0.0,0.0,0.0,0.0,0.0,0.0,0.0,0.0,0.0,0.0,left
1543171875.0566685,-1.17,-4.56,-8.61,0.3125,0.4375,-0.0625,111.5,-6.375,153.125,0.06,0.0,0.0,0.0,0.0,1.0,0.0,49.0,0.0,0.0,0.0,0.0,0.0,0.0,0.0,0.0,0.0,0.0,0.0,0.0,0.0,left
1543171875.7041178,-1.11,-4.55,-8.69,0.375,-0.0625,0.1875,111.5,-6.3125,153.125,0.05,0.0,12.0,0.0,0.0,0.0,0.0,58.0,0.0,0.0,0.0,0.0,0.0,0.0,0.0,0.0,0.0,0.0,0.0,0.0,0.0,left
1543171885.1364589,2.04,-0.68,-9.51,7.75,19.875,0.375,114.375,13.1875,176.1875,0.07,0.0,0.0,0.0,0.0,0.0,0.0,0.0,69.0,0.0,0.0,0.0,0.0,5.0,0.0,0.0,0.0,0.0,0.0,0.0,0.0,stomach
1543171885.783237,2.55,-1.31,-9.58,-5.6875,5.8125,-2.375,114.0,15.625,172.375,0.07,0.0,0.0,0.0,0.0,0.0,0.0,0.0,55.0,0.0,0.0,0.0,0.0,0.0,0.0,0.0,0.0,11.0,1.0,0.0,0.0,stomach
1543171886.4257104,2.53,-2.55,-9.05,19.125,0.125,3.6875,113.625,15.4375,165.3125,0.07,0.0,0.0,0.0,0.0,0.0,0.0,0.0,0.0,0.0,0.0,0.0,0.0,0.0,0.0,0.0,0.0,0.0,0.0,0.0,0.0,stomach
1543171887.0769737,2.52,-2.55,-9.15,-0.5,-0.6875,0.0625,113.625,15.1875,164.5625,0.07,0.0,0.0,0.0,0.0,0.0,0.0,0.0,0.0,0.0,0.0,0.0,0.0,0.0,0.0,0.0,0.0,0.0,0.0,0.0,0.0,stomach
1543171887.7248003,2.53,-2.54,-9.17,-0.1875,0.3125,-0.0625,113.625,15.1875,164.5625,0.07,0.0,0.0,0.0,0.0,0.0,0.0,0.0,11.0,0.0,0.0,0.0,0.0,0.0,0.0,0.0,0.0,0.0,0.0,0.0,0.0,stomach
1543171888.3722322,2.54,-2.47,-9.19,-0.9375,0.625,-0.375,113.6875,15.3125,164.9375,0.07,0.0,0.0,0.0,0.0,0.0,0.0,0.0,19.0,0.0,0.0,0.0,0.0,0.0,0.0,0.0,0.0,0.0,0.0,0.0,0.0,stomach
1543171889.0185769,2.5,-2.32,-9.26,0.875,1.25,0.0,113.75,15.3125,166.0625,0.07,0.0,0.0,0.0,0.0,0.0,0.0,0.0,30.0,0.0,12.0,0.0,0.0,0.0,0.0,0.0,0.0,0.0,0.0,0.0,0.0,stomach
1543171889.6697574,2.48,-2.36,-9.23,0.25,-0.4375,0.25,113.75,15.3125,166.0,0.07,0.0,0.0,0.0,0.0,0.0,0.0,0.0,18.0,0.0,0.0,0.0,0.0,0.0,0.0,0.0,0.0,0.0,0.0,0.0,0.0,stomach
1543171890.317481,2.47,-2.34,-9.26,0.5625,-0.4375,0.1875,113.75,15.3125,166.0,0.07,0.0,0.0,0.0,0.0,0.0,0.0,0.0,22.0,0.0,0.0,0.0,0.0,0.0,0.0,0.0,0.0,0.0,0.0,0.0,0.0,stomach
1543171890.964246,2.45,-2.34,-9.22,-0.5,0.0625,-0.125,113.75,15.4375,166.125,0.08,0.0,0.0,0.0,0.0,0.0,0.0,0.0,22.0,0.0,0.0,0.0,0.0,0.0,0.0,14.0,0.0,0.0,0.0,0.0,0.0,stomach
1543171891.6155493,2.5,-2.33,-9.3,-0.25,-0.375,0.125,113.75,15.5,166.0625,0.07,0.0,0.0,0.0,0.0,0.0,0.0,0.0,22.0,0.0,0.0,0.0,0.0,0.0,0.0,0.0,0.0,0.0,0.0,0.0,0.0,stomach
1543171892.2629018,2.46,-2.45,-9.17,-0.4375,-0.3125,-0.25,113.75,15.3125,165.0625,0.07,0.0,0.0,0.0,0.0,0.0,0.0,0.0,0.0,0.0,0.0,0.0,0.0,0.0,0.0,0.0,0.0,0.0,0.0,0.0,0.0,stomach
1543171892.909232,2.44,-2.48,-9.21,-0.3125,0.375,-0.125,113.75,15.3125,165.0625,0.07,0.0,0.0,0.0,0.0,0.0,0.0,0.0,0.0,0.0,0.0,0.0,0.0,0.0,0.0,0.0,0.0,0.0,0.0,0.0,0.0,stomach
1543171893.5567021,2.46,-2.48,-9.26,-1.8125,1.25,-0.4375,113.8125,15.375,165.1875,0.07,0.0,0.0,0.0,0.0,0.0,0.0,0.0,0.0,0.0,0.0,0.0,0.0,0.0,0.0,0.0,0.0,0.0,0.0,0.0,0.0,stomach
1543171894.203982,2.47,-2.41,-9.23,-0.25,0.4375,-0.125,113.8125,15.4375,165.4375,0.07,0.0,0.0,0.0,0.0,0.0,0.0,0.0,0.0,0.0,0.0,0.0,0.0,0.0,0.0,0.0,0.0,0.0,0.0,0.0,0.0,stomach
1543171894.8513298,2.48,-2.42,-9.25,-0.0625,-0.25,0.0,113.8125,15.5,165.4375,0.07,0.0,0.0,0.0,0.0,0.0,0.0,0.0,0.0,0.0,0.0,0.0,0.0,0.0,0.0,0.0,0.0,0.0,0.0,0.0,0.0,stomach
1543171895.5027142,2.47,-2.44,-9.25,0.1875,0.3125,0.0,113.8125,15.5,165.4375,0.07,0.0,0.0,0.0,0.0,0.0,0.0,0.0,23.0,0.0,0.0,0.0,0.0,0.0,0.0,0.0,0.0,0.0,0.0,0.0,0.0,stomach
1543171896.1492722,2.53,-2.46,-9.34,0.375,-2.5,0.5,113.8125,15.5,165.4375,0.07,0.0,0.0,0.0,0.0,0.0,0.0,0.0,13.0,0.0,0.0,0.0,0.0,0.0,0.0,0.0,0.0,0.0,8.0,0.0,0.0,stomach
1543171896.7966466,2.17,-2.46,-9.28,0.875,0.4375,0.125,113.9375,13.75,165.375,0.07,0.0,0.0,0.0,0.0,0.0,0.0,0.0,12.0,0.0,0.0,0.0,0.0,0.0,0.0,0.0,0.0,0.0,0.0,0.0,0.0,stomach
1543171897.4480038,2.24,-2.46,-9.29,-0.0625,0.5625,-0.1875,114.0,13.875,165.375,0.07,0.0,0.0,0.0,0.0,0.0,0.0,0.0,16.0,0.0,0.0,0.0,0.0,0.0,0.0,0.0,0.0,0.0,0.0,0.0,0.0,stomach
1543171898.094754,2.24,-2.41,-9.32,-0.375,1.125,-0.375,114.0,14.0,165.5625,0.07,0.0,0.0,0.0,0.0,0.0,0.0,0.0,22.0,0.0,0.0,0.0,0.0,0.0,0.0,0.0,0.0,0.0,1.0,0.0,0.0,stomach
1543171898.742451,2.25,-2.42,-9.2,0.125,0.6875,-0.125,114.0,14.0,165.5,0.06,0.0,0.0,0.0,0.0,0.0,0.0,0.0,23.0,0.0,0.0,0.0,0.0,0.0,0.0,0.0,0.0,0.0,0.0,0.0,0.0,stomach
1543171899.3937638,2.19,-2.46,-9.3,0.25,0.5625,-0.125,114.0,14.0,165.5,0.07,0.0,0.0,0.0,0.0,0.0,0.0,0.0,18.0,0.0,0.0,0.0,0.0,0.0,0.0,0.0,0.0,0.0,0.0,0.0,0.0,stomach
1543171900.0412378,2.25,-2.39,-9.29,-0.0625,0.9375,-0.3125,114.0,14.0625,165.5625,0.07,0.0,0.0,0.0,0.0,0.0,0.0,0.0,0.0,0.0,0.0,0.0,0.0,0.0,0.0,0.0,0.0,0.0,0.0,0.0,0.0,stomach
1543171900.6887903,2.21,-2.42,-9.3,0.0625,-0.0625,0.125,114.0625,14.1875,165.5,0.07,0.0,0.0,0.0,0.0,0.0,0.0,0.0,20.0,0.0,0.0,0.0,0.0,0.0,0.0,0.0,0.0,0.0,0.0,0.0,0.0,stomach
1543171901.3348186,2.21,-2.42,-9.31,-0.25,0.5,0.0,114.0625,14.25,165.5,0.07,0.0,0.0,0.0,0.0,0.0,0.0,0.0,13.0,0.0,0.0,0.0,0.0,0.0,0.0,0.0,0.0,0.0,0.0,0.0,0.0,stomach
1543171901.9861598,2.24,-2.41,-9.3,0.0625,-0.1875,0.0,114.0625,14.25,165.5,0.07,0.0,0.0,0.0,0.0,0.0,0.0,0.0,20.0,0.0,0.0,0.0,0.0,0.0,0.0,0.0,0.0,0.0,0.0,0.0,0.0,stomach
1543171902.6337054,2.24,-2.43,-9.31,-0.0625,-0.6875,0.0,114.0625,14.3125,165.5,0.07,0.0,0.0,0.0,0.0,0.0,0.0,0.0,20.0,0.0,0.0,0.0,0.0,0.0,0.0,0.0,0.0,0.0,0.0,0.0,0.0,stomach
1543171903.2849314,2.25,-2.44,-9.32,-0.125,-0.1875,-0.0625,114.0625,14.3125,165.5,0.07,0.0,0.0,0.0,0.0,0.0,0.0,0.0,22.0,0.0,0.0,0.0,0.0,0.0,0.0,0.0,0.0,0.0,0.0,0.0,0.0,stomach
1543171903.9314854,2.26,-2.41,-9.26,0.125,0.0,-0.0625,114.0625,14.375,165.625,0.07,0.0,0.0,0.0,0.0,0.0,0.0,0.0,25.0,0.0,0.0,0.0,0.0,0.0,0.0,0.0,0.0,0.0,0.0,0.0,0.0,stomach
1543171904.5791376,2.27,-2.4,-9.29,-0.0625,0.0,0.0,114.0625,14.375,165.625,0.07,0.0,0.0,0.0,0.0,0.0,0.0,0.0,23.0,0.0,0.0,0.0,0.0,0.0,0.0,0.0,0.0,0.0,4.0,0.0,0.0,stomach
1543171905.23024,2.25,-2.42,-9.26,0.3125,-0.25,-0.0625,114.0625,14.375,165.625,0.07,0.0,0.0,0.0,0.0,0.0,0.0,0.0,36.0,0.0,0.0,0.0,0.0,0.0,0.0,0.0,0.0,0.0,0.0,0.0,0.0,stomach
1543171905.8781273,2.42,-2.42,-9.23,-0.375,0.0625,0.0,114.125,15.375,165.5625,0.07,0.0,0.0,0.0,0.0,0.0,0.0,0.0,25.0,0.0,0.0,0.0,0.0,0.0,0.0,0.0,0.0,0.0,0.0,0.0,0.0,stomach
1543171906.5293274,2.4,-2.4,-9.28,0.0625,-0.25,-0.0625,114.125,15.3125,165.5625,0.07,0.0,0.0,0.0,0.0,0.0,0.0,0.0,24.0,0.0,0.0,0.0,0.0,0.0,0.0,0.0,0.0,0.0,0.0,0.0,0.0,stomach
1543171907.1758556,2.37,-2.42,-9.25,0.125,-0.1875,0.1875,114.1875,14.9375,165.5,0.07,0.0,0.0,0.0,0.0,0.0,0.0,0.0,24.0,0.0,0.0,0.0,0.0,0.0,0.0,0.0,0.0,0.0,0.0,0.0,0.0,stomach
1543171907.823589,2.37,-2.44,-9.26,-0.0625,-0.375,0.0625,114.1875,14.625,165.4375,0.07,0.0,0.0,0.0,0.0,0.0,0.0,0.0,24.0,0.0,0.0,0.0,0.0,0.0,0.0,0.0,0.0,0.0,0.0,0.0,0.0,stomach
1543171908.474833,2.35,-2.45,-9.31,-1.8125,-0.125,-0.25,114.1875,14.5625,165.3125,0.07,0.0,0.0,0.0,0.0,0.0,0.0,0.0,22.0,0.0,0.0,0.0,0.0,0.0,0.0,0.0,0.0,0.0,0.0,0.0,0.0,stomach
1543171909.1222644,2.34,-2.46,-9.3,-0.3125,0.1875,0.0625,114.1875,14.5,165.375,0.07,0.0,0.0,0.0,0.0,0.0,0.0,0.0,25.0,0.0,0.0,0.0,0.0,0.0,0.0,0.0,0.0,0.0,0.0,0.0,0.0,stomach
1543171909.7685294,2.31,-2.45,-9.28,0.1875,-0.375,0.125,114.1875,14.5,165.375,0.07,0.0,0.0,0.0,0.0,0.0,0.0,0.0,17.0,0.0,0.0,0.0,0.0,0.0,0.0,0.0,0.0,0.0,0.0,0.0,0.0,stomach
1543171910.415912,2.31,-2.44,-9.31,-0.4375,0.0,0.0625,114.1875,14.5,165.375,0.07,0.0,0.0,0.0,0.0,0.0,0.0,0.0,23.0,0.0,0.0,0.0,0.0,0.0,0.0,0.0,0.0,0.0,0.0,0.0,0.0,stomach
1543171911.066922,2.31,-2.45,-9.28,0.0625,0.1875,-0.0625,114.1875,14.5,165.375,0.07,0.0,0.0,0.0,0.0,0.0,0.0,0.0,22.0,0.0,0.0,0.0,0.0,0.0,0.0,0.0,0.0,0.0,0.0,0.0,0.0,stomach
1543171911.714462,2.31,-2.43,-9.3,-0.125,0.125,0.0,114.1875,14.5,165.375,0.08,0.0,0.0,0.0,0.0,0.0,0.0,0.0,23.0,0.0,0.0,0.0,0.0,0.0,0.0,0.0,0.0,0.0,0.0,0.0,0.0,stomach
1543171912.3622127,2.3,-2.44,-9.27,0.0,-0.0625,0.125,114.1875,14.5,165.375,0.08,0.0,0.0,0.0,0.0,0.0,0.0,0.0,15.0,0.0,0.0,0.0,0.0,0.0,0.0,0.0,0.0,0.0,0.0,0.0,0.0,stomach
1543171913.0133448,2.3,-2.46,-9.31,-0.25,-0.625,0.1875,114.1875,14.5,165.375,0.06,0.0,0.0,0.0,0.0,0.0,0.0,0.0,15.0,0.0,0.0,0.0,0.0,0.0,0.0,0.0,0.0,0.0,0.0,0.0,0.0,stomach
1543171913.6606915,2.28,-2.45,-9.29,-0.0625,0.0,0.0,114.1875,14.5,165.375,0.07,0.0,0.0,0.0,0.0,0.0,0.0,0.0,24.0,0.0,0.0,0.0,0.0,0.0,0.0,0.0,0.0,0.0,0.0,0.0,0.0,stomach
1543171914.3079708,2.27,-2.45,-9.27,-0.0625,0.25,0.0,114.1875,14.4375,165.375,0.07,0.0,0.0,0.0,0.0,0.0,0.0,0.0,23.0,0.0,0.0,0.0,0.0,0.0,0.0,0.0,0.0,0.0,0.0,0.0,0.0,stomach
1543171914.9582694,2.27,-2.45,-9.28,0.0,-0.125,0.0,114.1875,14.4375,165.375,0.07,0.0,0.0,0.0,0.0,0.0,0.0,0.0,23.0,0.0,0.0,0.0,0.0,0.0,0.0,0.0,0.0,0.0,0.0,0.0,0.0,stomach
1543171924.6872792,-1.6,0.03,-9.71,-0.125,-0.0625,0.0,116.25,-9.5,-179.5625,0.05,0.0,0.0,0.0,0.0,0.0,0.0,0.0,0.0,0.0,0.0,0.0,0.0,0.0,0.0,0.0,0.0,0.0,0.0,0.0,0.0,off
1543171925.3334813,-1.62,0.03,-9.68,0.0,0.0625,0.0,116.25,-9.5,-179.5625,0.05,0.0,0.0,0.0,0.0,0.0,0.0,0.0,0.0,0.0,0.0,0.0,0.0,0.0,0.0,0.0,0.0,0.0,0.0,0.0,0.0,off
1543171925.980764,-1.62,0.02,-9.7,0.125,0.0,0.0,116.25,-9.5,-179.5625,0.05,0.0,0.0,0.0,0.0,0.0,0.0,0.0,0.0,0.0,0.0,0.0,0.0,0.0,0.0,0.0,0.0,0.0,0.0,0.0,0.0,off
1543171926.6323018,-1.63,0.05,-9.7,-0.0625,-0.125,0.0625,116.25,-9.5,-179.5625,0.05,0.0,0.0,0.0,0.0,0.0,0.0,0.0,0.0,0.0,0.0,0.0,0.0,0.0,0.0,0.0,0.0,0.0,0.0,0.0,0.0,off
1543171927.2835073,-1.63,0.03,-9.72,0.0625,-0.125,-0.125,116.25,-9.5,-179.5625,0.05,0.0,0.0,0.0,0.0,0.0,0.0,0.0,0.0,0.0,0.0,0.0,0.0,0.0,0.0,0.0,0.0,0.0,0.0,0.0,0.0,off
1543171927.9313858,-1.61,0.0,-9.7,0.0625,0.0,-0.0625,116.25,-9.5,-179.5625,0.05,0.0,0.0,0.0,0.0,0.0,0.0,0.0,0.0,0.0,0.0,0.0,0.0,0.0,0.0,0.0,0.0,0.0,0.0,0.0,0.0,off
1543171928.5786824,-1.59,0.03,-9.67,0.0625,0.0,0.0,116.25,-9.5,-179.5625,0.05,0.0,0.0,0.0,0.0,0.0,0.0,0.0,0.0,0.0,0.0,0.0,0.0,0.0,0.0,0.0,0.0,0.0,0.0,0.0,0.0,off
1543171929.224716,-1.62,0.04,-9.69,0.0625,0.0,0.0625,116.25,-9.5,-179.5625,0.05,0.0,0.0,0.0,0.0,0.0,0.0,0.0,0.0,0.0,0.0,0.0,0.0,0.0,0.0,0.0,0.0,0.0,0.0,0.0,0.0,off
1543171929.87222,-1.63,0.03,-9.68,0.0,-0.125,0.0625,116.25,-9.5,-179.5625,0.05,0.0,0.0,0.0,0.0,0.0,0.0,0.0,0.0,0.0,0.0,0.0,0.0,0.0,0.0,0.0,0.0,0.0,0.0,0.0,0.0,off
1543171930.5247512,-1.6,0.05,-9.7,-0.1875,0.0,0.125,116.25,-9.5,-179.5625,0.05,0.0,0.0,0.0,0.0,0.0,0.0,0.0,0.0,0.0,0.0,0.0,0.0,0.0,0.0,0.0,0.0,0.0,0.0,0.0,0.0,off
1543171931.170899,-1.59,0.04,-9.67,0.0625,0.125,0.125,116.25,-9.5,-179.5625,0.05,0.0,0.0,0.0,0.0,0.0,0.0,0.0,0.0,0.0,0.0,0.0,0.0,0.0,0.0,0.0,0.0,0.0,0.0,0.0,0.0,off
1543171931.8222513,-1.66,0.03,-9.65,0.0625,-0.1875,0.0,116.25,-9.5,-179.5625,0.05,0.0,0.0,0.0,0.0,0.0,0.0,0.0,0.0,0.0,0.0,0.0,0.0,0.0,0.0,0.0,0.0,0.0,0.0,0.0,0.0,off
1543171932.469772,-1.61,0.03,-9.71,0.125,0.0,-0.0625,116.25,-9.5,-179.5625,0.05,0.0,0.0,0.0,0.0,0.0,0.0,0.0,0.0,0.0,0.0,0.0,0.0,0.0,0.0,0.0,0.0,0.0,0.0,0.0,0.0,off
1543171933.117155,-1.62,0.03,-9.72,0.125,-0.125,0.0625,116.25,-9.5,-179.5625,0.05,0.0,0.0,0.0,0.0,0.0,0.0,0.0,0.0,0.0,0.0,0.0,0.0,0.0,0.0,0.0,0.0,0.0,0.0,0.0,0.0,off
1543171933.7635374,-1.61,0.04,-9.65,-0.125,0.0,0.125,116.25,-9.5,-179.5625,0.05,0.0,0.0,0.0,0.0,0.0,0.0,0.0,0.0,0.0,0.0,0.0,0.0,0.0,0.0,0.0,0.0,0.0,0.0,0.0,0.0,off
1543171934.4147284,-1.64,0.03,-9.67,-0.125,-0.125,0.0625,116.25,-9.5,-179.5625,0.05,0.0,0.0,0.0,0.0,0.0,0.0,0.0,0.0,0.0,0.0,0.0,0.0,0.0,0.0,0.0,0.0,0.0,1.0,0.0,0.0,off
1543171935.0621905,-1.64,0.03,-9.7,0.0,-0.0625,-0.0625,116.25,-9.5,-179.5625,0.05,0.0,0.0,0.0,0.0,0.0,0.0,0.0,0.0,0.0,0.0,0.0,0.0,0.0,0.0,0.0,0.0,0.0,0.0,0.0,0.0,off
1543171935.709657,-1.63,0.04,-9.68,-0.0625,0.3125,0.0,116.25,-9.5,-179.5625,0.05,0.0,0.0,0.0,0.0,0.0,0.0,0.0,0.0,0.0,0.0,0.0,0.0,0.0,0.0,0.0,0.0,0.0,0.0,0.0,0.0,off
1543171936.3611317,-1.61,0.03,-9.67,-0.0625,-0.25,-0.125,116.25,-9.5,-179.5625,0.05,0.0,0.0,0.0,0.0,0.0,0.0,0.0,0.0,0.0,0.0,0.0,0.0,0.0,0.0,0.0,0.0,0.0,0.0,0.0,0.0,off
1543171937.0071807,-1.65,0.05,-9.68,0.125,0.125,0.0,116.25,-9.5,-179.5625,0.05,0.0,0.0,0.0,0.0,0.0,0.0,0.0,0.0,0.0,0.0,0.0,0.0,0.0,0.0,0.0,0.0,0.0,0.0,0.0,0.0,off
1543171937.6585805,-1.66,-0.02,-9.66,0.0,-0.125,-0.0625,116.25,-9.5,-179.5625,0.05,0.0,0.0,0.0,0.0,0.0,0.0,0.0,0.0,0.0,0.0,0.0,0.0,0.0,0.0,0.0,0.0,0.0,0.0,0.0,0.0,off
1543171938.3058593,-1.6,0.04,-9.69,0.0,0.0625,0.0,116.25,-9.5,-179.5625,0.05,0.0,0.0,0.0,0.0,0.0,0.0,0.0,0.0,0.0,0.0,0.0,0.0,0.0,0.0,0.0,0.0,0.0,0.0,0.0,0.0,off
1543171938.9531524,-1.66,0.06,-9.68,0.0,0.0,0.0,116.25,-9.5,-179.5625,0.05,0.0,0.0,0.0,0.0,0.0,0.0,0.0,0.0,0.0,0.0,0.0,0.0,0.0,0.0,0.0,0.0,0.0,0.0,0.0,0.0,off
1543171939.6006699,-1.6,0.05,-9.72,0.125,0.125,-0.0625,116.25,-9.5,-179.5625,0.05,0.0,0.0,0.0,0.0,0.0,0.0,0.0,0.0,0.0,0.0,0.0,0.0,0.0,0.0,0.0,0.0,0.0,0.0,0.0,0.0,off
1543171940.2480505,-1.64,0.06,-9.72,0.0,0.0625,-0.0625,116.25,-9.5,-179.5625,0.05,0.0,0.0,0.0,0.0,0.0,0.0,0.0,0.0,0.0,0.0,0.0,0.0,0.0,0.0,0.0,0.0,0.0,0.0,0.0,0.0,off
1543171940.8944833,-1.62,0.03,-9.68,0.0,0.1875,0.125,116.25,-9.5,-179.5625,0.05,0.0,0.0,0.0,0.0,0.0,0.0,0.0,0.0,0.0,0.0,0.0,0.0,0.0,0.0,0.0,0.0,0.0,0.0,0.0,0.0,off
1543171941.5456848,-1.61,-0.01,-9.73,0.0,-0.3125,0.125,116.25,-9.5,-179.5625,0.05,0.0,0.0,0.0,0.0,0.0,0.0,0.0,0.0,0.0,0.0,0.0,0.0,0.0,0.0,0.0,0.0,0.0,0.0,0.0,0.0,off
1543171942.193515,-1.62,0.03,-9.69,-0.0625,0.0625,0.125,116.25,-9.5,-179.5625,0.05,0.0,0.0,0.0,0.0,0.0,0.0,0.0,0.0,0.0,0.0,0.0,0.0,0.0,0.0,0.0,0.0,0.0,0.0,0.0,0.0,off
1543171942.8410733,-1.63,0.05,-9.7,0.1875,0.125,0.0625,116.25,-9.5,-179.5625,0.05,0.0,0.0,0.0,0.0,0.0,0.0,0.0,0.0,0.0,0.0,0.0,0.0,0.0,0.0,0.0,0.0,0.0,0.0,0.0,0.0,off
1543171943.4910333,-1.62,0.02,-9.69,-0.0625,0.125,0.0,116.25,-9.5,-179.5625,0.05,0.0,0.0,0.0,0.0,0.0,0.0,0.0,0.0,0.0,0.0,0.0,0.0,0.0,0.0,0.0,0.0,0.0,0.0,0.0,0.0,off
1543171944.138666,-1.59,0.04,-9.72,0.0625,-0.125,0.0625,116.25,-9.5,-179.5625,0.05,0.0,0.0,0.0,0.0,0.0,0.0,0.0,0.0,0.0,0.0,0.0,0.0,0.0,0.0,0.0,0.0,0.0,0.0,0.0,0.0,off
1543171944.786134,-1.63,0.03,-9.7,0.0625,-0.125,-0.0625,116.25,-9.5,-179.5625,0.05,0.0,0.0,0.0,0.0,0.0,0.0,0.0,0.0,0.0,0.0,0.0,0.0,0.0,0.0,0.0,0.0,0.0,0.0,0.0,0.0,off
1543171945.433677,-1.63,0.04,-9.67,0.0625,0.0,0.0625,116.25,-9.5,-179.5625,0.05,0.0,0.0,0.0,0.0,0.0,0.0,0.0,0.0,0.0,0.0,0.0,0.0,0.0,0.0,0.0,0.0,0.0,0.0,0.0,0.0,off
1543171946.0849116,-1.66,0.06,-9.67,0.1875,-0.125,0.0,116.25,-9.5,-179.5625,0.05,0.0,0.0,0.0,0.0,0.0,0.0,0.0,0.0,0.0,0.0,0.0,0.0,0.0,0.0,0.0,0.0,0.0,0.0,0.0,0.0,off
1543171946.7315373,-1.63,0.06,-9.67,0.125,0.0,-0.0625,116.25,-9.5,-179.5625,0.05,0.0,0.0,0.0,0.0,0.0,0.0,0.0,0.0,0.0,0.0,0.0,0.0,0.0,0.0,0.0,0.0,0.0,0.0,0.0,0.0,off
1543171947.3788254,-1.6,0.03,-9.69,0.0,0.1875,0.0625,116.25,-9.5,-179.5625,0.05,0.0,0.0,0.0,0.0,0.0,0.0,0.0,0.0,0.0,0.0,0.0,0.0,0.0,0.0,0.0,0.0,0.0,0.0,0.0,0.0,off
1543171948.030136,-1.6,0.03,-9.7,-0.3125,0.0,-0.0625,116.25,-9.5,-179.5625,0.05,0.0,0.0,0.0,0.0,0.0,0.0,0.0,0.0,0.0,0.0,0.0,0.0,0.0,0.0,0.0,0.0,0.0,0.0,0.0,0.0,off
1543171948.6778028,-1.61,0.0,-9.74,-0.0625,0.0,0.0,116.25,-9.5,-179.5625,0.05,0.0,0.0,0.0,0.0,0.0,0.0,0.0,0.0,0.0,0.0,0.0,0.0,0.0,0.0,0.0,0.0,0.0,0.0,0.0,0.0,off
1543171949.3252444,-1.65,0.01,-9.68,-0.1875,-0.25,0.125,116.25,-9.5,-179.5625,0.05,0.0,0.0,0.0,0.0,0.0,0.0,0.0,0.0,0.0,0.0,0.0,0.0,0.0,0.0,0.0,0.0,0.0,0.0,0.0,0.0,off
1543171949.9714231,-1.63,0.03,-9.71,0.125,0.0,0.0,116.25,-9.5,-179.5625,0.05,0.0,0.0,0.0,0.0,0.0,0.0,0.0,0.0,0.0,0.0,0.0,0.0,0.0,0.0,0.0,0.0,0.0,0.0,0.0,0.0,off
1543171950.6229627,-1.66,0.04,-9.72,-0.0625,0.0625,-0.0625,116.25,-9.5,-179.5625,0.05,0.0,0.0,0.0,0.0,0.0,0.0,0.0,0.0,0.0,0.0,0.0,0.0,0.0,0.0,0.0,0.0,0.0,0.0,0.0,0.0,off
1543171951.2701514,-1.62,0.02,-9.72,0.0625,0.125,0.0,116.25,-9.5,-179.5625,0.05,0.0,0.0,0.0,0.0,0.0,0.0,0.0,0.0,0.0,0.0,0.0,0.0,0.0,0.0,0.0,0.0,0.0,0.0,0.0,0.0,off
1543171951.9216526,-1.64,0.03,-9.68,-0.125,-0.0625,0.125,116.25,-9.5,-179.5625,0.05,0.0,0.0,0.0,0.0,0.0,0.0,0.0,0.0,0.0,0.0,0.0,0.0,0.0,0.0,0.0,0.0,0.0,0.0,0.0,0.0,off
1543171952.5678554,-1.62,0.06,-9.73,0.0,0.0,0.0,116.25,-9.5,-179.5625,0.05,0.0,0.0,0.0,0.0,0.0,0.0,0.0,0.0,0.0,0.0,0.0,0.0,0.0,0.0,0.0,0.0,0.0,0.0,0.0,0.0,off
1543171953.215502,-1.63,0.04,-9.7,0.0625,0.0,-0.0625,116.25,-9.5,-179.5625,0.05,0.0,0.0,0.0,0.0,0.0,0.0,0.0,0.0,0.0,0.0,0.0,0.0,0.0,0.0,0.0,0.0,0.0,0.0,0.0,0.0,off
1543171953.8627393,-1.62,0.04,-9.68,0.1875,0.0625,0.0625,116.25,-9.5,-179.5625,0.05,0.0,0.0,0.0,0.0,0.0,0.0,0.0,0.0,0.0,0.0,0.0,0.0,0.0,0.0,0.0,0.0,0.0,0.0,0.0,0.0,off
1543171954.5108962,-1.62,0.01,-9.7,0.0625,0.0625,-0.125,116.25,-9.5,-179.5625,0.05,0.0,0.0,0.0,0.0,0.0,0.0,0.0,0.0,0.0,0.0,0.0,0.0,0.0,0.0,0.0,0.0,0.0,0.0,0.0,0.0,off
